from,to,length,mode,source,target
6R3XD_101S,6R3XD_103S,90,transit,6R3XD_101,6R3XD_103
6R3XD_103N,6R3XD_101N,120,transit,6R3XD_103,6R3XD_101
6R3XD_103S,6R3XD_104S,90,transit,6R3XD_103,6R3XD_104
6R3XD_104N,6R3XD_103N,90,transit,6R3XD_104,6R3XD_103
6R3XD_104S,6R3XD_106S,90,transit,6R3XD_104,6R3XD_106
6R3XD_106N,6R3XD_104N,90,transit,6R3XD_106,6R3XD_104
6R3XD_106S,6R3XD_107S,90,transit,6R3XD_106,6R3XD_107
6R3XD_107N,6R3XD_106N,90,transit,6R3XD_107,6R3XD_106
6R3XD_107S,6R3XD_108S,60,transit,6R3XD_107,6R3XD_108
6R3XD_108N,6R3XD_107N,88,transit,6R3XD_108,6R3XD_107
6R3XD_108S,6R3XD_109S,90,transit,6R3XD_108,6R3XD_109
6R3XD_109N,6R3XD_108N,90,transit,6R3XD_109,6R3XD_108
6R3XD_109S,6R3XD_110S,90,transit,6R3XD_109,6R3XD_110
6R3XD_110N,6R3XD_109N,90,transit,6R3XD_110,6R3XD_109
6R3XD_110S,6R3XD_111S,90,transit,6R3XD_110,6R3XD_111
6R3XD_111N,6R3XD_110N,90,transit,6R3XD_111,6R3XD_110
6R3XD_111S,6R3XD_112S,129.72972972973,transit,6R3XD_111,6R3XD_112
6R3XD_112N,6R3XD_111N,120,transit,6R3XD_112,6R3XD_111
6R3XD_112S,6R3XD_113S,112.702702702703,transit,6R3XD_112,6R3XD_113
6R3XD_113N,6R3XD_112N,103.548387096774,transit,6R3XD_113,6R3XD_112
6R3XD_113S,6R3XD_114S,120,transit,6R3XD_113,6R3XD_114
6R3XD_114N,6R3XD_113N,120,transit,6R3XD_114,6R3XD_113
6R3XD_114S,6R3XD_115S,90,transit,6R3XD_114,6R3XD_115
6R3XD_115N,6R3XD_114N,90,transit,6R3XD_115,6R3XD_114
6R3XD_115S,6R3XD_116S,90,transit,6R3XD_115,6R3XD_116
6R3XD_116N,6R3XD_115N,112.702702702703,transit,6R3XD_116,6R3XD_115
6R3XD_116S,6R3XD_117S,147.906976744186,transit,6R3XD_116,6R3XD_117
6R3XD_117N,6R3XD_116N,127.297297297297,transit,6R3XD_117,6R3XD_116
6R3XD_117S,6R3XD_118S,60,transit,6R3XD_117,6R3XD_118
6R3XD_118N,6R3XD_117N,60,transit,6R3XD_118,6R3XD_117
6R3XD_118S,6R3XD_119S,60,transit,6R3XD_118,6R3XD_119
6R3XD_119N,6R3XD_118N,82.1052631578947,transit,6R3XD_119,6R3XD_118
6R3XD_119S,6R3XD_120S,120,transit,6R3XD_119,6R3XD_120
6R3XD_120N,6R3XD_119N,90,transit,6R3XD_120,6R3XD_119
6R3XD_120N,6R3XD_227N,280.909090909091,transit,6R3XD_120,6R3XD_227
6R3XD_120S,6R3XD_121S,120,transit,6R3XD_120,6R3XD_121
6R3XD_120S,6R3XD_123S,174.915254237288,transit,6R3XD_120,6R3XD_123
6R3XD_121N,6R3XD_120N,109.736842105263,transit,6R3XD_121,6R3XD_120
6R3XD_121S,6R3XD_122S,60,transit,6R3XD_121,6R3XD_122
6R3XD_122N,6R3XD_121N,75,transit,6R3XD_122,6R3XD_121
6R3XD_122S,6R3XD_123S,90,transit,6R3XD_122,6R3XD_123
6R3XD_123N,6R3XD_122N,104.615384615385,transit,6R3XD_123,6R3XD_122
6R3XD_123N,6R3XD_120N,180,transit,6R3XD_123,6R3XD_120
6R3XD_123S,6R3XD_124S,90,transit,6R3XD_123,6R3XD_124
6R3XD_123S,6R3XD_127S,275.689655172414,transit,6R3XD_123,6R3XD_127
6R3XD_124N,6R3XD_123N,65.3846153846154,transit,6R3XD_124,6R3XD_123
6R3XD_124S,6R3XD_125S,90,transit,6R3XD_124,6R3XD_125
6R3XD_125N,6R3XD_124N,90,transit,6R3XD_125,6R3XD_124
6R3XD_125S,6R3XD_126S,120,transit,6R3XD_125,6R3XD_126
6R3XD_126N,6R3XD_125N,120,transit,6R3XD_126,6R3XD_125
6R3XD_126S,6R3XD_127S,110,transit,6R3XD_126,6R3XD_127
6R3XD_127N,6R3XD_126N,95.3846153846154,transit,6R3XD_127,6R3XD_126
6R3XD_127N,6R3XD_123N,240,transit,6R3XD_127,6R3XD_123
6R3XD_127S,6R3XD_128S,72.4752475247525,transit,6R3XD_127,6R3XD_128
6R3XD_128N,6R3XD_127N,73.7647058823529,transit,6R3XD_128,6R3XD_127
6R3XD_128S,6R3XD_129S,84.2857142857143,transit,6R3XD_128,6R3XD_129
6R3XD_128S,6R3XD_132S,180,transit,6R3XD_128,6R3XD_132
6R3XD_129N,6R3XD_128N,87,transit,6R3XD_129,6R3XD_128
6R3XD_129S,6R3XD_130S,60,transit,6R3XD_129,6R3XD_130
6R3XD_130N,6R3XD_129N,60,transit,6R3XD_130,6R3XD_129
6R3XD_130S,6R3XD_131S,60,transit,6R3XD_130,6R3XD_131
6R3XD_131N,6R3XD_130N,60,transit,6R3XD_131,6R3XD_130
6R3XD_131S,6R3XD_132S,60,transit,6R3XD_131,6R3XD_132
6R3XD_132N,6R3XD_131N,60,transit,6R3XD_132,6R3XD_131
6R3XD_132N,6R3XD_128N,164.68085106383,transit,6R3XD_132,6R3XD_128
6R3XD_132S,6R3XD_133S,90,transit,6R3XD_132,6R3XD_133
6R3XD_132S,6R3XD_137S,289.830508474576,transit,6R3XD_132,6R3XD_137
6R3XD_133N,6R3XD_132N,90,transit,6R3XD_133,6R3XD_132
6R3XD_133S,6R3XD_134S,90,transit,6R3XD_133,6R3XD_134
6R3XD_134N,6R3XD_133N,90,transit,6R3XD_134,6R3XD_133
6R3XD_134S,6R3XD_135S,96.5853658536585,transit,6R3XD_134,6R3XD_135
6R3XD_135N,6R3XD_134N,92.1951219512195,transit,6R3XD_135,6R3XD_134
6R3XD_135S,6R3XD_136S,60,transit,6R3XD_135,6R3XD_136
6R3XD_136N,6R3XD_135N,60,transit,6R3XD_136,6R3XD_135
6R3XD_136S,6R3XD_137S,82.8571428571429,transit,6R3XD_136,6R3XD_137
6R3XD_137N,6R3XD_136N,88.5,transit,6R3XD_137,6R3XD_136
6R3XD_137N,6R3XD_132N,270,transit,6R3XD_137,6R3XD_132
6R3XD_137S,6R3XD_138S,88.5714285714286,transit,6R3XD_137,6R3XD_138
6R3XD_137S,6R3XD_228S,90,transit,6R3XD_137,6R3XD_228
6R3XD_138N,6R3XD_137N,60,transit,6R3XD_138,6R3XD_137
6R3XD_138S,6R3XD_139S,95.8536585365854,transit,6R3XD_138,6R3XD_139
6R3XD_139N,6R3XD_138N,90,transit,6R3XD_139,6R3XD_138
6R3XD_139S,6R3XD_142S,125.121951219512,transit,6R3XD_139,6R3XD_142
6R3XD_142N,6R3XD_139N,90,transit,6R3XD_142,6R3XD_139
6R3XD_201S,6R3XD_204S,90,transit,6R3XD_201,6R3XD_204
6R3XD_204N,6R3XD_201N,90,transit,6R3XD_204,6R3XD_201
6R3XD_204S,6R3XD_205S,90,transit,6R3XD_204,6R3XD_205
6R3XD_205N,6R3XD_204N,90,transit,6R3XD_205,6R3XD_204
6R3XD_205S,6R3XD_206S,90,transit,6R3XD_205,6R3XD_206
6R3XD_206N,6R3XD_205N,90,transit,6R3XD_206,6R3XD_205
6R3XD_206S,6R3XD_207S,70.8333333333333,transit,6R3XD_206,6R3XD_207
6R3XD_207N,6R3XD_206N,60,transit,6R3XD_207,6R3XD_206
6R3XD_207S,6R3XD_208S,115.833333333333,transit,6R3XD_207,6R3XD_208
6R3XD_208N,6R3XD_207N,94.5,transit,6R3XD_208,6R3XD_207
6R3XD_208S,6R3XD_209S,94.054054054054,transit,6R3XD_208,6R3XD_209
6R3XD_209N,6R3XD_208N,115.5,transit,6R3XD_209,6R3XD_208
6R3XD_209S,6R3XD_210S,90,transit,6R3XD_209,6R3XD_210
6R3XD_210N,6R3XD_209N,90,transit,6R3XD_210,6R3XD_209
6R3XD_210S,6R3XD_211S,126.666666666667,transit,6R3XD_210,6R3XD_211
6R3XD_211N,6R3XD_210N,120,transit,6R3XD_211,6R3XD_210
6R3XD_211S,6R3XD_212S,150,transit,6R3XD_211,6R3XD_212
6R3XD_212N,6R3XD_211N,125.714285714286,transit,6R3XD_212,6R3XD_211
6R3XD_212S,6R3XD_213S,120,transit,6R3XD_212,6R3XD_213
6R3XD_213N,6R3XD_212N,120,transit,6R3XD_213,6R3XD_212
6R3XD_213N,6R3XD_505N,180,transit,6R3XD_213,6R3XD_505
6R3XD_213N,6R3XD_208N,480,transit,6R3XD_213,6R3XD_208
6R3XD_213S,6R3XD_214S,110.27027027027,transit,6R3XD_213,6R3XD_214
6R3XD_213S,6R3XD_221S,766.8,transit,6R3XD_213,6R3XD_221
6R3XD_214N,6R3XD_213N,91.3953488372093,transit,6R3XD_214,6R3XD_213
6R3XD_214S,6R3XD_215S,131.351351351351,transit,6R3XD_214,6R3XD_215
6R3XD_215N,6R3XD_214N,120,transit,6R3XD_215,6R3XD_214
6R3XD_215S,6R3XD_216S,159.72972972973,transit,6R3XD_215,6R3XD_216
6R3XD_216N,6R3XD_215N,149.302325581395,transit,6R3XD_216,6R3XD_215
6R3XD_216S,6R3XD_217S,103.783783783784,transit,6R3XD_216,6R3XD_217
6R3XD_217N,6R3XD_216N,90.6818181818182,transit,6R3XD_217,6R3XD_216
6R3XD_217S,6R3XD_218S,86.7567567567568,transit,6R3XD_217,6R3XD_218
6R3XD_218N,6R3XD_217N,72.2727272727273,transit,6R3XD_218,6R3XD_217
6R3XD_218S,6R3XD_219S,88.3783783783784,transit,6R3XD_218,6R3XD_219
6R3XD_219N,6R3XD_218N,89.3333333333333,transit,6R3XD_219,6R3XD_218
6R3XD_219S,6R3XD_220S,107.837837837838,transit,6R3XD_219,6R3XD_220
6R3XD_220N,6R3XD_219N,90,transit,6R3XD_220,6R3XD_219
6R3XD_220S,6R3XD_221S,156.666666666667,transit,6R3XD_220,6R3XD_221
6R3XD_221N,6R3XD_220N,148.666666666667,transit,6R3XD_221,6R3XD_220
6R3XD_221N,6R3XD_213N,600,transit,6R3XD_221,6R3XD_213
6R3XD_221S,6R3XD_222S,131.428571428571,transit,6R3XD_221,6R3XD_222
6R3XD_222N,6R3XD_221N,115.8,transit,6R3XD_222,6R3XD_221
6R3XD_222S,6R3XD_224S,244,transit,6R3XD_222,6R3XD_224
6R3XD_222S,6R3XD_416S,213.636363636364,transit,6R3XD_222,6R3XD_416
6R3XD_224N,6R3XD_222N,203.181818181818,transit,6R3XD_224,6R3XD_222
6R3XD_224N,6R3XD_302N,166.5,transit,6R3XD_224,6R3XD_302
6R3XD_224S,6R3XD_225S,120,transit,6R3XD_224,6R3XD_225
6R3XD_225N,6R3XD_224N,120,transit,6R3XD_225,6R3XD_224
6R3XD_225S,6R3XD_226S,90,transit,6R3XD_225,6R3XD_226
6R3XD_226N,6R3XD_225N,90,transit,6R3XD_226,6R3XD_225
6R3XD_226S,6R3XD_227S,60,transit,6R3XD_226,6R3XD_227
6R3XD_227N,6R3XD_226N,60,transit,6R3XD_227,6R3XD_226
6R3XD_227S,6R3XD_120S,287.28813559322,transit,6R3XD_227,6R3XD_120
6R3XD_228N,6R3XD_137N,60,transit,6R3XD_228,6R3XD_137
6R3XD_228S,6R3XD_229S,120,transit,6R3XD_228,6R3XD_229
6R3XD_229N,6R3XD_228N,150,transit,6R3XD_229,6R3XD_228
6R3XD_229S,6R3XD_230S,90,transit,6R3XD_229,6R3XD_230
6R3XD_230N,6R3XD_229N,60,transit,6R3XD_230,6R3XD_229
6R3XD_230S,6R3XD_231S,270,transit,6R3XD_230,6R3XD_231
6R3XD_231N,6R3XD_230N,206.25,transit,6R3XD_231,6R3XD_230
6R3XD_231S,6R3XD_232S,60,transit,6R3XD_231,6R3XD_232
6R3XD_232N,6R3XD_231N,116.25,transit,6R3XD_232,6R3XD_231
6R3XD_232S,6R3XD_233S,90,transit,6R3XD_232,6R3XD_233
6R3XD_233N,6R3XD_232N,90,transit,6R3XD_233,6R3XD_232
6R3XD_233S,6R3XD_234S,60,transit,6R3XD_233,6R3XD_234
6R3XD_234N,6R3XD_233N,90,transit,6R3XD_234,6R3XD_233
6R3XD_234N,6R3XD_423N,120,transit,6R3XD_234,6R3XD_423
6R3XD_234S,6R3XD_235S,90,transit,6R3XD_234,6R3XD_235
6R3XD_235N,6R3XD_234N,90,transit,6R3XD_235,6R3XD_234
6R3XD_235S,6R3XD_236S,81.2068965517241,transit,6R3XD_235,6R3XD_236
6R3XD_235S,6R3XD_239S,260.806451612903,transit,6R3XD_235,6R3XD_239
6R3XD_236N,6R3XD_235N,90,transit,6R3XD_236,6R3XD_235
6R3XD_236S,6R3XD_237S,120,transit,6R3XD_236,6R3XD_237
6R3XD_237N,6R3XD_236N,120,transit,6R3XD_237,6R3XD_236
6R3XD_237S,6R3XD_238S,99.1071428571429,transit,6R3XD_237,6R3XD_238
6R3XD_238N,6R3XD_237N,95.5102040816327,transit,6R3XD_238,6R3XD_237
6R3XD_238S,6R3XD_239S,110.526315789474,transit,6R3XD_238,6R3XD_239
6R3XD_239N,6R3XD_238N,120,transit,6R3XD_239,6R3XD_238
6R3XD_239N,6R3XD_235N,327,transit,6R3XD_239,6R3XD_235
6R3XD_239S,6R3XD_241S,181.836734693878,transit,6R3XD_239,6R3XD_241
6R3XD_239S,6R3XD_248S,90,transit,6R3XD_239,6R3XD_248
6R3XD_239S,6R3XD_250S,248.684210526316,transit,6R3XD_239,6R3XD_250
6R3XD_241N,6R3XD_239N,183.125,transit,6R3XD_241,6R3XD_239
6R3XD_241S,6R3XD_242S,90,transit,6R3XD_241,6R3XD_242
6R3XD_242N,6R3XD_241N,90,transit,6R3XD_242,6R3XD_241
6R3XD_242S,6R3XD_243S,90,transit,6R3XD_242,6R3XD_243
6R3XD_243N,6R3XD_242N,111.428571428571,transit,6R3XD_243,6R3XD_242
6R3XD_243S,6R3XD_244S,90,transit,6R3XD_243,6R3XD_244
6R3XD_244N,6R3XD_243N,100.2,transit,6R3XD_244,6R3XD_243
6R3XD_244S,6R3XD_245S,90,transit,6R3XD_244,6R3XD_245
6R3XD_245N,6R3XD_244N,90,transit,6R3XD_245,6R3XD_244
6R3XD_245S,6R3XD_246S,90,transit,6R3XD_245,6R3XD_246
6R3XD_246N,6R3XD_245N,90,transit,6R3XD_246,6R3XD_245
6R3XD_246S,6R3XD_247S,120,transit,6R3XD_246,6R3XD_247
6R3XD_247N,6R3XD_246N,120,transit,6R3XD_247,6R3XD_246
6R3XD_248N,6R3XD_239N,90,transit,6R3XD_248,6R3XD_239
6R3XD_248S,6R3XD_249S,120,transit,6R3XD_248,6R3XD_249
6R3XD_249N,6R3XD_248N,135,transit,6R3XD_249,6R3XD_248
6R3XD_249S,6R3XD_250S,132.58064516129,transit,6R3XD_249,6R3XD_250
6R3XD_250N,6R3XD_249N,146.25,transit,6R3XD_250,6R3XD_249
6R3XD_250N,6R3XD_239N,252.631578947368,transit,6R3XD_250,6R3XD_239
6R3XD_250S,6R3XD_251S,150,transit,6R3XD_250,6R3XD_251
6R3XD_251N,6R3XD_250N,162.692307692308,transit,6R3XD_251,6R3XD_250
6R3XD_251S,6R3XD_252S,102.413793103448,transit,6R3XD_251,6R3XD_252
6R3XD_252N,6R3XD_251N,100,transit,6R3XD_252,6R3XD_251
6R3XD_252S,6R3XD_253S,96.2068965517241,transit,6R3XD_252,6R3XD_253
6R3XD_253N,6R3XD_252N,110,transit,6R3XD_253,6R3XD_252
6R3XD_253S,6R3XD_254S,72.4137931034483,transit,6R3XD_253,6R3XD_254
6R3XD_254N,6R3XD_253N,70.3846153846154,transit,6R3XD_254,6R3XD_253
6R3XD_254S,6R3XD_255S,90,transit,6R3XD_254,6R3XD_255
6R3XD_255N,6R3XD_254N,95.7692307692308,transit,6R3XD_255,6R3XD_254
6R3XD_255S,6R3XD_256S,72,transit,6R3XD_255,6R3XD_256
6R3XD_256N,6R3XD_255N,65.7692307692308,transit,6R3XD_256,6R3XD_255
6R3XD_256S,6R3XD_257S,77.5862068965517,transit,6R3XD_256,6R3XD_257
6R3XD_257N,6R3XD_256N,90,transit,6R3XD_257,6R3XD_256
6R3XD_301S,6R3XD_302S,120,transit,6R3XD_301,6R3XD_302
6R3XD_302N,6R3XD_301N,60,transit,6R3XD_302,6R3XD_301
6R3XD_302S,6R3XD_224S,120,transit,6R3XD_302,6R3XD_224
6R3XD_401S,6R3XD_402S,120,transit,6R3XD_401,6R3XD_402
6R3XD_402N,6R3XD_401N,123.913043478261,transit,6R3XD_402,6R3XD_401
6R3XD_402S,6R3XD_405S,120,transit,6R3XD_402,6R3XD_405
6R3XD_405N,6R3XD_402N,112.5,transit,6R3XD_405,6R3XD_402
6R3XD_405S,6R3XD_406S,120,transit,6R3XD_405,6R3XD_406
6R3XD_406N,6R3XD_405N,120,transit,6R3XD_406,6R3XD_405
6R3XD_406S,6R3XD_407S,90,transit,6R3XD_406,6R3XD_407
6R3XD_407N,6R3XD_406N,90,transit,6R3XD_407,6R3XD_406
6R3XD_407S,6R3XD_408S,90,transit,6R3XD_407,6R3XD_408
6R3XD_408N,6R3XD_407N,90,transit,6R3XD_408,6R3XD_407
6R3XD_408S,6R3XD_409S,90,transit,6R3XD_408,6R3XD_409
6R3XD_409N,6R3XD_408N,90,transit,6R3XD_409,6R3XD_408
6R3XD_409S,6R3XD_410S,101.470588235294,transit,6R3XD_409,6R3XD_410
6R3XD_410N,6R3XD_409N,90,transit,6R3XD_410,6R3XD_409
6R3XD_410S,6R3XD_411S,78.5294117647059,transit,6R3XD_410,6R3XD_411
6R3XD_411N,6R3XD_410N,60,transit,6R3XD_411,6R3XD_410
6R3XD_411S,6R3XD_412S,90,transit,6R3XD_411,6R3XD_412
6R3XD_412N,6R3XD_411N,69.6,transit,6R3XD_412,6R3XD_411
6R3XD_412S,6R3XD_413S,101.470588235294,transit,6R3XD_412,6R3XD_413
6R3XD_413N,6R3XD_412N,90,transit,6R3XD_413,6R3XD_412
6R3XD_413N,6R3XD_409N,300,transit,6R3XD_413,6R3XD_409
6R3XD_413S,6R3XD_414S,142.941176470588,transit,6R3XD_413,6R3XD_414
6R3XD_414N,6R3XD_413N,114,transit,6R3XD_414,6R3XD_413
6R3XD_414S,6R3XD_415S,180,transit,6R3XD_414,6R3XD_415
6R3XD_415N,6R3XD_414N,138,transit,6R3XD_415,6R3XD_414
6R3XD_415S,6R3XD_621S,487.2,transit,6R3XD_415,6R3XD_621
6R3XD_415S,6R3XD_416S,120,transit,6R3XD_415,6R3XD_416
6R3XD_416N,6R3XD_415N,128.709677419355,transit,6R3XD_416,6R3XD_415
6R3XD_416N,6R3XD_222N,177.777777777778,transit,6R3XD_416,6R3XD_222
6R3XD_416S,6R3XD_621S,181.428571428571,transit,6R3XD_416,6R3XD_621
6R3XD_418N,6R3XD_640N,120,transit,6R3XD_418,6R3XD_640
6R3XD_418S,6R3XD_419S,93.4782608695652,transit,6R3XD_418,6R3XD_419
6R3XD_419N,6R3XD_418N,72.65625,transit,6R3XD_419,6R3XD_418
6R3XD_419S,6R3XD_420S,90,transit,6R3XD_419,6R3XD_420
6R3XD_420N,6R3XD_419N,90,transit,6R3XD_420,6R3XD_419
6R3XD_420S,6R3XD_423S,309.193548387097,transit,6R3XD_420,6R3XD_423
6R3XD_423N,6R3XD_420N,324.827586206897,transit,6R3XD_423,6R3XD_420
6R3XD_423S,6R3XD_234S,119.047619047619,transit,6R3XD_423,6R3XD_234
6R3XD_501S,6R3XD_502S,133.5,transit,6R3XD_501,6R3XD_502
6R3XD_502N,6R3XD_501N,120,transit,6R3XD_502,6R3XD_501
6R3XD_502S,6R3XD_503S,137.142857142857,transit,6R3XD_502,6R3XD_503
6R3XD_503N,6R3XD_502N,150,transit,6R3XD_503,6R3XD_502
6R3XD_503S,6R3XD_504S,162.857142857143,transit,6R3XD_503,6R3XD_504
6R3XD_504N,6R3XD_503N,120,transit,6R3XD_504,6R3XD_503
6R3XD_504S,6R3XD_505S,60,transit,6R3XD_504,6R3XD_505
6R3XD_505N,6R3XD_504N,90,transit,6R3XD_505,6R3XD_504
6R3XD_505S,6R3XD_213S,210,transit,6R3XD_505,6R3XD_213
6R3XD_601S,6R3XD_602S,129.230769230769,transit,6R3XD_601,6R3XD_602
6R3XD_602N,6R3XD_601N,150,transit,6R3XD_602,6R3XD_601
6R3XD_602S,6R3XD_603S,60,transit,6R3XD_602,6R3XD_603
6R3XD_603N,6R3XD_602N,90,transit,6R3XD_603,6R3XD_602
6R3XD_603S,6R3XD_604S,120,transit,6R3XD_603,6R3XD_604
6R3XD_604N,6R3XD_603N,90,transit,6R3XD_604,6R3XD_603
6R3XD_604S,6R3XD_606S,90,transit,6R3XD_604,6R3XD_606
6R3XD_606N,6R3XD_604N,60,transit,6R3XD_606,6R3XD_604
6R3XD_606S,6R3XD_607S,60,transit,6R3XD_606,6R3XD_607
6R3XD_607N,6R3XD_606N,60,transit,6R3XD_607,6R3XD_606
6R3XD_607S,6R3XD_608S,150,transit,6R3XD_607,6R3XD_608
6R3XD_608N,6R3XD_607N,120,transit,6R3XD_608,6R3XD_607
6R3XD_608S,6R3XD_609S,73.0434782608696,transit,6R3XD_608,6R3XD_609
6R3XD_608S,6R3XD_613S,330,transit,6R3XD_608,6R3XD_613
6R3XD_609N,6R3XD_608N,90,transit,6R3XD_609,6R3XD_608
6R3XD_609S,6R3XD_610S,83.4782608695652,transit,6R3XD_609,6R3XD_610
6R3XD_610N,6R3XD_609N,60,transit,6R3XD_610,6R3XD_609
6R3XD_610S,6R3XD_611S,60,transit,6R3XD_610,6R3XD_611
6R3XD_611N,6R3XD_610N,60,transit,6R3XD_611,6R3XD_610
6R3XD_611S,6R3XD_612S,96.8181818181818,transit,6R3XD_611,6R3XD_612
6R3XD_612N,6R3XD_611N,120,transit,6R3XD_612,6R3XD_611
6R3XD_612S,6R3XD_613S,95.4545454545455,transit,6R3XD_612,6R3XD_613
6R3XD_613N,6R3XD_612N,90,transit,6R3XD_613,6R3XD_612
6R3XD_613S,6R3XD_614S,90,transit,6R3XD_613,6R3XD_614
6R3XD_613S,6R3XD_619S,387.6,transit,6R3XD_613,6R3XD_619
6R3XD_614N,6R3XD_613N,120,transit,6R3XD_614,6R3XD_613
6R3XD_614S,6R3XD_615S,105.652173913043,transit,6R3XD_614,6R3XD_615
6R3XD_615N,6R3XD_614N,90,transit,6R3XD_615,6R3XD_614
6R3XD_615S,6R3XD_616S,60,transit,6R3XD_615,6R3XD_616
6R3XD_616N,6R3XD_615N,90,transit,6R3XD_616,6R3XD_615
6R3XD_616S,6R3XD_617S,92.7272727272727,transit,6R3XD_616,6R3XD_617
6R3XD_617N,6R3XD_616N,120,transit,6R3XD_617,6R3XD_616
6R3XD_617S,6R3XD_618S,60,transit,6R3XD_617,6R3XD_618
6R3XD_618N,6R3XD_617N,60,transit,6R3XD_618,6R3XD_617
6R3XD_618S,6R3XD_619S,90,transit,6R3XD_618,6R3XD_619
6R3XD_619N,6R3XD_618N,90,transit,6R3XD_619,6R3XD_618
6R3XD_619S,6R3XD_621S,222.692307692308,transit,6R3XD_619,6R3XD_621
6R3XD_621N,6R3XD_416N,180,transit,6R3XD_621,6R3XD_416
6R3XD_621N,6R3XD_619N,180,transit,6R3XD_621,6R3XD_619
6R3XD_621S,6R3XD_626S,281.911764705882,transit,6R3XD_621,6R3XD_626
6R3XD_621S,6R3XD_622S,120,transit,6R3XD_621,6R3XD_622
6R3XD_622N,6R3XD_621N,90,transit,6R3XD_622,6R3XD_621
6R3XD_622S,6R3XD_623S,60,transit,6R3XD_622,6R3XD_623
6R3XD_623N,6R3XD_622N,90,transit,6R3XD_623,6R3XD_622
6R3XD_623S,6R3XD_624S,90,transit,6R3XD_623,6R3XD_624
6R3XD_624N,6R3XD_623N,60,transit,6R3XD_624,6R3XD_623
6R3XD_624S,6R3XD_625S,108.461538461538,transit,6R3XD_624,6R3XD_625
6R3XD_625N,6R3XD_624N,90,transit,6R3XD_625,6R3XD_624
6R3XD_625S,6R3XD_626S,120,transit,6R3XD_625,6R3XD_626
6R3XD_626N,6R3XD_621N,326.440677966102,transit,6R3XD_626,6R3XD_621
6R3XD_626N,6R3XD_625N,120,transit,6R3XD_626,6R3XD_625
6R3XD_626S,6R3XD_629S,296.911764705882,transit,6R3XD_626,6R3XD_629
6R3XD_626S,6R3XD_627S,114.807692307692,transit,6R3XD_626,6R3XD_627
6R3XD_627N,6R3XD_626N,108.75,transit,6R3XD_627,6R3XD_626
6R3XD_627S,6R3XD_628S,106.153846153846,transit,6R3XD_627,6R3XD_628
6R3XD_628N,6R3XD_627N,100.625,transit,6R3XD_628,6R3XD_627
6R3XD_628S,6R3XD_629S,103.529411764706,transit,6R3XD_628,6R3XD_629
6R3XD_629N,6R3XD_626N,210,transit,6R3XD_629,6R3XD_626
6R3XD_629N,6R3XD_628N,108.75,transit,6R3XD_629,6R3XD_628
6R3XD_629S,6R3XD_631S,199.565217391304,transit,6R3XD_629,6R3XD_631
6R3XD_629S,6R3XD_630S,100.961538461538,transit,6R3XD_629,6R3XD_630
6R3XD_630N,6R3XD_629N,90,transit,6R3XD_630,6R3XD_629
6R3XD_630S,6R3XD_631S,120,transit,6R3XD_630,6R3XD_631
6R3XD_631N,6R3XD_629N,150,transit,6R3XD_631,6R3XD_629
6R3XD_631N,6R3XD_630N,120,transit,6R3XD_631,6R3XD_630
6R3XD_631S,6R3XD_635S,278.260869565217,transit,6R3XD_631,6R3XD_635
6R3XD_631S,6R3XD_632S,121.176470588235,transit,6R3XD_631,6R3XD_632
6R3XD_632N,6R3XD_631N,120,transit,6R3XD_632,6R3XD_631
6R3XD_632S,6R3XD_633S,76.7307692307692,transit,6R3XD_632,6R3XD_633
6R3XD_633N,6R3XD_632N,60,transit,6R3XD_633,6R3XD_632
6R3XD_633S,6R3XD_634S,69.4117647058823,transit,6R3XD_633,6R3XD_634
6R3XD_634N,6R3XD_633N,65.5102040816327,transit,6R3XD_634,6R3XD_633
6R3XD_634S,6R3XD_635S,111.764705882353,transit,6R3XD_634,6R3XD_635
6R3XD_635N,6R3XD_631N,237.540983606557,transit,6R3XD_635,6R3XD_631
6R3XD_635N,6R3XD_634N,114.6,transit,6R3XD_635,6R3XD_634
6R3XD_635S,6R3XD_640S,342.608695652174,transit,6R3XD_635,6R3XD_640
6R3XD_635S,6R3XD_636S,90,transit,6R3XD_635,6R3XD_636
6R3XD_636N,6R3XD_635N,90,transit,6R3XD_636,6R3XD_635
6R3XD_636S,6R3XD_637S,98.8235294117647,transit,6R3XD_636,6R3XD_637
6R3XD_637N,6R3XD_636N,90,transit,6R3XD_637,6R3XD_636
6R3XD_637S,6R3XD_638S,78.2352941176471,transit,6R3XD_637,6R3XD_638
6R3XD_638N,6R3XD_637N,65.4,transit,6R3XD_638,6R3XD_637
6R3XD_638S,6R3XD_639S,90,transit,6R3XD_638,6R3XD_639
6R3XD_639N,6R3XD_638N,90,transit,6R3XD_639,6R3XD_638
6R3XD_639S,6R3XD_640S,120,transit,6R3XD_639,6R3XD_640
6R3XD_640N,6R3XD_635N,286.451612903226,transit,6R3XD_640,6R3XD_635
6R3XD_640N,6R3XD_639N,120,transit,6R3XD_640,6R3XD_639
6R3XD_640S,6R3XD_418S,120,transit,6R3XD_640,6R3XD_418
6R3XD_701S,6R3XD_702S,172.363636363636,transit,6R3XD_701,6R3XD_702
6R3XD_702N,6R3XD_701N,210,transit,6R3XD_702,6R3XD_701
6R3XD_702S,6R3XD_705S,117,transit,6R3XD_702,6R3XD_705
6R3XD_702S,6R3XD_707S,224.117647058824,transit,6R3XD_702,6R3XD_707
6R3XD_705N,6R3XD_702N,150,transit,6R3XD_705,6R3XD_702
6R3XD_705S,6R3XD_706S,90,transit,6R3XD_705,6R3XD_706
6R3XD_706N,6R3XD_705N,90,transit,6R3XD_706,6R3XD_705
6R3XD_706S,6R3XD_707S,90,transit,6R3XD_706,6R3XD_707
6R3XD_707N,6R3XD_706N,90,transit,6R3XD_707,6R3XD_706
6R3XD_707S,6R3XD_708S,90,transit,6R3XD_707,6R3XD_708
6R3XD_707S,6R3XD_712S,240,transit,6R3XD_707,6R3XD_712
6R3XD_708N,6R3XD_707N,60,transit,6R3XD_708,6R3XD_707
6R3XD_708S,6R3XD_709S,90,transit,6R3XD_708,6R3XD_709
6R3XD_709N,6R3XD_708N,90,transit,6R3XD_709,6R3XD_708
6R3XD_709S,6R3XD_710S,90,transit,6R3XD_709,6R3XD_710
6R3XD_710N,6R3XD_709N,90,transit,6R3XD_710,6R3XD_709
6R3XD_710S,6R3XD_712S,150,transit,6R3XD_710,6R3XD_712
6R3XD_711N,6R3XD_710N,60,transit,6R3XD_711,6R3XD_710
6R3XD_712N,6R3XD_711N,90,transit,6R3XD_712,6R3XD_711
6R3XD_712S,6R3XD_714S,180,transit,6R3XD_712,6R3XD_714
6R3XD_713N,6R3XD_712N,120,transit,6R3XD_713,6R3XD_712
6R3XD_714N,6R3XD_713N,60,transit,6R3XD_714,6R3XD_713
6R3XD_714S,6R3XD_715S,60,transit,6R3XD_714,6R3XD_715
6R3XD_715N,6R3XD_714N,60,transit,6R3XD_715,6R3XD_714
6R3XD_715S,6R3XD_716S,90,transit,6R3XD_715,6R3XD_716
6R3XD_716N,6R3XD_715N,61.25,transit,6R3XD_716,6R3XD_715
6R3XD_716S,6R3XD_718S,150,transit,6R3XD_716,6R3XD_718
6R3XD_718N,6R3XD_716N,150,transit,6R3XD_718,6R3XD_716
6R3XD_718S,6R3XD_719S,98.1428571428571,transit,6R3XD_718,6R3XD_719
6R3XD_719N,6R3XD_718N,90,transit,6R3XD_719,6R3XD_718
6R3XD_719S,6R3XD_720S,111.857142857143,transit,6R3XD_719,6R3XD_720
6R3XD_720N,6R3XD_719N,120,transit,6R3XD_720,6R3XD_719
6R3XD_720S,6R3XD_721S,60,transit,6R3XD_720,6R3XD_721
6R3XD_721N,6R3XD_720N,55.3521126760563,transit,6R3XD_721,6R3XD_720
6R3XD_721S,6R3XD_723S,303.428571428571,transit,6R3XD_721,6R3XD_723
6R3XD_723N,6R3XD_721N,273.913043478261,transit,6R3XD_723,6R3XD_721
6R3XD_723S,6R3XD_724S,90,transit,6R3XD_723,6R3XD_724
6R3XD_724N,6R3XD_723N,86.5217391304348,transit,6R3XD_724,6R3XD_723
6R3XD_724S,6R3XD_725S,90,transit,6R3XD_724,6R3XD_725
6R3XD_725N,6R3XD_724N,90,transit,6R3XD_725,6R3XD_724
6R3XD_725S,6R3XD_726S,210,transit,6R3XD_725,6R3XD_726
6R3XD_726N,6R3XD_725N,175.217391304348,transit,6R3XD_726,6R3XD_725
6R3XD_901N,6R3XD_902N,90,transit,6R3XD_901,6R3XD_902
6R3XD_902S,6R3XD_901S,90,transit,6R3XD_902,6R3XD_901
6R3XD_A02S,6R3XD_A03S,120,transit,6R3XD_A02,6R3XD_A03
6R3XD_A03N,6R3XD_A02N,120,transit,6R3XD_A03,6R3XD_A02
6R3XD_A03S,6R3XD_A05S,150,transit,6R3XD_A03,6R3XD_A05
6R3XD_A05N,6R3XD_A03N,158.181818181818,transit,6R3XD_A05,6R3XD_A03
6R3XD_A05S,6R3XD_A06S,120,transit,6R3XD_A05,6R3XD_A06
6R3XD_A06N,6R3XD_A05N,122.727272727273,transit,6R3XD_A06,6R3XD_A05
6R3XD_A06S,6R3XD_A07S,75,transit,6R3XD_A06,6R3XD_A07
6R3XD_A07N,6R3XD_A06N,80,transit,6R3XD_A07,6R3XD_A06
6R3XD_A07S,6R3XD_A09S,120,transit,6R3XD_A07,6R3XD_A09
6R3XD_A09N,6R3XD_A07N,130.3125,transit,6R3XD_A09,6R3XD_A07
6R3XD_A09S,6R3XD_A12S,210,transit,6R3XD_A09,6R3XD_A12
6R3XD_A09S,6R3XD_A10S,69,transit,6R3XD_A09,6R3XD_A10
6R3XD_A10N,6R3XD_A09N,90,transit,6R3XD_A10,6R3XD_A09
6R3XD_A10S,6R3XD_A11S,82.5,transit,6R3XD_A10,6R3XD_A11
6R3XD_A11N,6R3XD_A10N,90,transit,6R3XD_A11,6R3XD_A10
6R3XD_A11S,6R3XD_A12S,90,transit,6R3XD_A11,6R3XD_A12
6R3XD_A12N,6R3XD_A09N,204,transit,6R3XD_A12,6R3XD_A09
6R3XD_A12N,6R3XD_A11N,90,transit,6R3XD_A12,6R3XD_A11
6R3XD_A12S,6R3XD_A15S,240,transit,6R3XD_A12,6R3XD_A15
6R3XD_A12S,6R3XD_A14S,129,transit,6R3XD_A12,6R3XD_A14
6R3XD_A14N,6R3XD_D13N,113.75,transit,6R3XD_A14,6R3XD_D13
6R3XD_A14N,6R3XD_A12N,90,transit,6R3XD_A14,6R3XD_A12
6R3XD_A14S,6R3XD_A15S,90,transit,6R3XD_A14,6R3XD_A15
6R3XD_A15N,6R3XD_A12N,210,transit,6R3XD_A15,6R3XD_A12
6R3XD_A15N,6R3XD_A14N,120,transit,6R3XD_A15,6R3XD_A14
6R3XD_A15N,6R3XD_D13N,258.260869565217,transit,6R3XD_A15,6R3XD_D13
6R3XD_A15S,6R3XD_A24S,494.081632653061,transit,6R3XD_A15,6R3XD_A24
6R3XD_A15S,6R3XD_A16S,90,transit,6R3XD_A15,6R3XD_A16
6R3XD_A16N,6R3XD_A15N,90,transit,6R3XD_A16,6R3XD_A15
6R3XD_A16S,6R3XD_A17S,90,transit,6R3XD_A16,6R3XD_A17
6R3XD_A17N,6R3XD_A16N,90,transit,6R3XD_A17,6R3XD_A16
6R3XD_A17S,6R3XD_A18S,72,transit,6R3XD_A17,6R3XD_A18
6R3XD_A18N,6R3XD_A17N,60,transit,6R3XD_A18,6R3XD_A17
6R3XD_A18S,6R3XD_A19S,78,transit,6R3XD_A18,6R3XD_A19
6R3XD_A19N,6R3XD_A18N,90,transit,6R3XD_A19,6R3XD_A18
6R3XD_A19S,6R3XD_A20S,102,transit,6R3XD_A19,6R3XD_A20
6R3XD_A20N,6R3XD_A19N,90,transit,6R3XD_A20,6R3XD_A19
6R3XD_A20S,6R3XD_A21S,90,transit,6R3XD_A20,6R3XD_A21
6R3XD_A21N,6R3XD_A20N,90,transit,6R3XD_A21,6R3XD_A20
6R3XD_A21S,6R3XD_A22S,90,transit,6R3XD_A21,6R3XD_A22
6R3XD_A22N,6R3XD_A21N,90,transit,6R3XD_A22,6R3XD_A21
6R3XD_A22S,6R3XD_A24S,90,transit,6R3XD_A22,6R3XD_A24
6R3XD_A24N,6R3XD_A15N,454.067796610169,transit,6R3XD_A24,6R3XD_A15
6R3XD_A24N,6R3XD_A22N,90,transit,6R3XD_A24,6R3XD_A22
6R3XD_A24S,6R3XD_A27S,153.333333333333,transit,6R3XD_A24,6R3XD_A27
6R3XD_A24S,6R3XD_D14S,120,transit,6R3XD_A24,6R3XD_D14
6R3XD_A24S,6R3XD_A25S,109.5,transit,6R3XD_A24,6R3XD_A25
6R3XD_A25N,6R3XD_A24N,120,transit,6R3XD_A25,6R3XD_A24
6R3XD_A25N,6R3XD_D14N,90,transit,6R3XD_A25,6R3XD_D14
6R3XD_A25S,6R3XD_A27S,120,transit,6R3XD_A25,6R3XD_A27
6R3XD_A27N,6R3XD_A24N,235.945945945946,transit,6R3XD_A27,6R3XD_A24
6R3XD_A27N,6R3XD_A25N,96.4705882352941,transit,6R3XD_A27,6R3XD_A25
6R3XD_A27S,6R3XD_A28S,78.2926829268293,transit,6R3XD_A27,6R3XD_A28
6R3XD_A28N,6R3XD_A27N,88,transit,6R3XD_A28,6R3XD_A27
6R3XD_A28S,6R3XD_A31S,188.888888888889,transit,6R3XD_A28,6R3XD_A31
6R3XD_A28S,6R3XD_A30S,110.555555555556,transit,6R3XD_A28,6R3XD_A30
6R3XD_A30N,6R3XD_A28N,136.730769230769,transit,6R3XD_A30,6R3XD_A28
6R3XD_A30S,6R3XD_A31S,90,transit,6R3XD_A30,6R3XD_A31
6R3XD_A31N,6R3XD_A28N,190.540540540541,transit,6R3XD_A31,6R3XD_A28
6R3XD_A31N,6R3XD_A30N,90,transit,6R3XD_A31,6R3XD_A30
6R3XD_A31S,6R3XD_A32S,139.367088607595,transit,6R3XD_A31,6R3XD_A32
6R3XD_A32N,6R3XD_A31N,158.76404494382,transit,6R3XD_A32,6R3XD_A31
6R3XD_A32S,6R3XD_A34S,150,transit,6R3XD_A32,6R3XD_A34
6R3XD_A32S,6R3XD_A33S,90,transit,6R3XD_A32,6R3XD_A33
6R3XD_A33N,6R3XD_A32N,120,transit,6R3XD_A33,6R3XD_A32
6R3XD_A33S,6R3XD_A34S,90,transit,6R3XD_A33,6R3XD_A34
6R3XD_A34N,6R3XD_A32N,150,transit,6R3XD_A34,6R3XD_A32
6R3XD_A34N,6R3XD_A33N,90,transit,6R3XD_A34,6R3XD_A33
6R3XD_A34S,6R3XD_A36S,120,transit,6R3XD_A34,6R3XD_A36
6R3XD_A34S,6R3XD_E01S,150,transit,6R3XD_A34,6R3XD_E01
6R3XD_A36N,6R3XD_A34N,90,transit,6R3XD_A36,6R3XD_A34
6R3XD_A36S,6R3XD_A38S,120,transit,6R3XD_A36,6R3XD_A38
6R3XD_A38N,6R3XD_A36N,120,transit,6R3XD_A38,6R3XD_A36
6R3XD_A38S,6R3XD_A40S,180,transit,6R3XD_A38,6R3XD_A40
6R3XD_A40N,6R3XD_A38N,224.464285714286,transit,6R3XD_A40,6R3XD_A38
6R3XD_A40S,6R3XD_A41S,120,transit,6R3XD_A40,6R3XD_A41
6R3XD_A41N,6R3XD_A40N,120,transit,6R3XD_A41,6R3XD_A40
6R3XD_A41N,6R3XD_F18N,120,transit,6R3XD_A41,6R3XD_F18
6R3XD_A41S,6R3XD_A42S,90,transit,6R3XD_A41,6R3XD_A42
6R3XD_A41S,6R3XD_F20S,180,transit,6R3XD_A41,6R3XD_F20
6R3XD_A42N,6R3XD_A41N,105.535714285714,transit,6R3XD_A42,6R3XD_A41
6R3XD_A42N,6R3XD_G36N,110,transit,6R3XD_A42,6R3XD_G36
6R3XD_A42S,6R3XD_A46S,270,transit,6R3XD_A42,6R3XD_A46
6R3XD_A42S,6R3XD_A43S,120,transit,6R3XD_A42,6R3XD_A43
6R3XD_A42S,6R3XD_F20S,97.5,transit,6R3XD_A42,6R3XD_F20
6R3XD_A43N,6R3XD_A42N,120,transit,6R3XD_A43,6R3XD_A42
6R3XD_A43S,6R3XD_A44S,113.684210526316,transit,6R3XD_A43,6R3XD_A44
6R3XD_A44N,6R3XD_A43N,102.631578947368,transit,6R3XD_A44,6R3XD_A43
6R3XD_A44S,6R3XD_A45S,96.3157894736842,transit,6R3XD_A44,6R3XD_A45
6R3XD_A45N,6R3XD_A44N,110,transit,6R3XD_A45,6R3XD_A44
6R3XD_A45S,6R3XD_A46S,83.6842105263158,transit,6R3XD_A45,6R3XD_A46
6R3XD_A46N,6R3XD_A42N,325.945945945946,transit,6R3XD_A46,6R3XD_A42
6R3XD_A46N,6R3XD_A45N,66.3157894736842,transit,6R3XD_A46,6R3XD_A45
6R3XD_A46S,6R3XD_A48S,150,transit,6R3XD_A46,6R3XD_A48
6R3XD_A46S,6R3XD_A47S,90,transit,6R3XD_A46,6R3XD_A47
6R3XD_A47N,6R3XD_A46N,101.052631578947,transit,6R3XD_A47,6R3XD_A46
6R3XD_A47S,6R3XD_A48S,120,transit,6R3XD_A47,6R3XD_A48
6R3XD_A48N,6R3XD_A46N,175.945945945946,transit,6R3XD_A48,6R3XD_A46
6R3XD_A48N,6R3XD_A47N,115.263157894737,transit,6R3XD_A48,6R3XD_A47
6R3XD_A48S,6R3XD_A51S,210,transit,6R3XD_A48,6R3XD_A51
6R3XD_A48S,6R3XD_A49S,120,transit,6R3XD_A48,6R3XD_A49
6R3XD_A49N,6R3XD_A48N,120,transit,6R3XD_A49,6R3XD_A48
6R3XD_A49S,6R3XD_A50S,90,transit,6R3XD_A49,6R3XD_A50
6R3XD_A50N,6R3XD_A49N,90,transit,6R3XD_A50,6R3XD_A49
6R3XD_A50S,6R3XD_A51S,90,transit,6R3XD_A50,6R3XD_A51
6R3XD_A51N,6R3XD_A48N,210,transit,6R3XD_A51,6R3XD_A48
6R3XD_A51N,6R3XD_A50N,90,transit,6R3XD_A51,6R3XD_A50
6R3XD_A51S,6R3XD_A55S,300,transit,6R3XD_A51,6R3XD_A55
6R3XD_A51S,6R3XD_A52S,120,transit,6R3XD_A51,6R3XD_A52
6R3XD_A52N,6R3XD_A51N,148.421052631579,transit,6R3XD_A52,6R3XD_A51
6R3XD_A52S,6R3XD_A53S,90,transit,6R3XD_A52,6R3XD_A53
6R3XD_A53N,6R3XD_A52N,90,transit,6R3XD_A53,6R3XD_A52
6R3XD_A53S,6R3XD_A54S,90,transit,6R3XD_A53,6R3XD_A54
6R3XD_A54N,6R3XD_A53N,120,transit,6R3XD_A54,6R3XD_A53
6R3XD_A54S,6R3XD_A55S,90,transit,6R3XD_A54,6R3XD_A55
6R3XD_A55N,6R3XD_A51N,312.5,transit,6R3XD_A55,6R3XD_A51
6R3XD_A55N,6R3XD_A54N,96.3157894736842,transit,6R3XD_A55,6R3XD_A54
6R3XD_A55S,6R3XD_A57S,120,transit,6R3XD_A55,6R3XD_A57
6R3XD_A57N,6R3XD_A55N,113.513513513514,transit,6R3XD_A57,6R3XD_A55
6R3XD_A57S,6R3XD_A59S,90,transit,6R3XD_A57,6R3XD_A59
6R3XD_A59N,6R3XD_A57N,66.6666666666667,transit,6R3XD_A59,6R3XD_A57
6R3XD_A59S,6R3XD_A60S,120,transit,6R3XD_A59,6R3XD_A60
6R3XD_A60N,6R3XD_A59N,113.333333333333,transit,6R3XD_A60,6R3XD_A59
6R3XD_A60S,6R3XD_A61S,90,transit,6R3XD_A60,6R3XD_A61
6R3XD_A61N,6R3XD_A60N,90,transit,6R3XD_A61,6R3XD_A60
6R3XD_A61S,6R3XD_A63S,120,transit,6R3XD_A61,6R3XD_A63
6R3XD_A61S,6R3XD_H02S,210,transit,6R3XD_A61,6R3XD_H02
6R3XD_A63N,6R3XD_A61N,90,transit,6R3XD_A63,6R3XD_A61
6R3XD_A63S,6R3XD_A64S,90,transit,6R3XD_A63,6R3XD_A64
6R3XD_A64N,6R3XD_A63N,97.0588235294118,transit,6R3XD_A64,6R3XD_A63
6R3XD_A64S,6R3XD_A65S,62.3076923076923,transit,6R3XD_A64,6R3XD_A65
6R3XD_A65N,6R3XD_A64N,90,transit,6R3XD_A65,6R3XD_A64
6R3XD_B04N,6R3XD_G14N,390,transit,6R3XD_B04,6R3XD_G14
6R3XD_B04S,6R3XD_B06S,120,transit,6R3XD_B04,6R3XD_B06
6R3XD_B06N,6R3XD_B04N,120,transit,6R3XD_B06,6R3XD_B04
6R3XD_B06S,6R3XD_B08S,150,transit,6R3XD_B06,6R3XD_B08
6R3XD_B08N,6R3XD_B06N,120,transit,6R3XD_B08,6R3XD_B06
6R3XD_B08N,6R3XD_Q03N,120,transit,6R3XD_B08,6R3XD_Q03
6R3XD_B08S,6R3XD_B10S,150,transit,6R3XD_B08,6R3XD_B10
6R3XD_B08S,6R3XD_R14S,180,transit,6R3XD_B08,6R3XD_R14
6R3XD_B10N,6R3XD_B08N,150,transit,6R3XD_B10,6R3XD_B08
6R3XD_B10S,6R3XD_D15S,138.529411764706,transit,6R3XD_B10,6R3XD_D15
6R3XD_B12N,6R3XD_R36N,300,transit,6R3XD_B12,6R3XD_R36
6R3XD_B12S,6R3XD_B13S,120,transit,6R3XD_B12,6R3XD_B13
6R3XD_B12S,6R3XD_B16S,270,transit,6R3XD_B12,6R3XD_B16
6R3XD_B13N,6R3XD_B12N,120,transit,6R3XD_B13,6R3XD_B12
6R3XD_B13S,6R3XD_B14S,60,transit,6R3XD_B13,6R3XD_B14
6R3XD_B14N,6R3XD_B13N,90,transit,6R3XD_B14,6R3XD_B13
6R3XD_B14S,6R3XD_B15S,90,transit,6R3XD_B14,6R3XD_B15
6R3XD_B15N,6R3XD_B14N,90,transit,6R3XD_B15,6R3XD_B14
6R3XD_B15S,6R3XD_B16S,90,transit,6R3XD_B15,6R3XD_B16
6R3XD_B16N,6R3XD_B15N,90,transit,6R3XD_B16,6R3XD_B15
6R3XD_B16S,6R3XD_B17S,120,transit,6R3XD_B16,6R3XD_B17
6R3XD_B16S,6R3XD_B21S,330,transit,6R3XD_B16,6R3XD_B21
6R3XD_B17N,6R3XD_B16N,120,transit,6R3XD_B17,6R3XD_B16
6R3XD_B17S,6R3XD_B18S,90,transit,6R3XD_B17,6R3XD_B18
6R3XD_B18N,6R3XD_B17N,108.75,transit,6R3XD_B18,6R3XD_B17
6R3XD_B18S,6R3XD_B19S,90,transit,6R3XD_B18,6R3XD_B19
6R3XD_B19N,6R3XD_B18N,90,transit,6R3XD_B19,6R3XD_B18
6R3XD_B19S,6R3XD_B20S,85.5,transit,6R3XD_B19,6R3XD_B20
6R3XD_B20N,6R3XD_B19N,70.4347826086957,transit,6R3XD_B20,6R3XD_B19
6R3XD_B20S,6R3XD_B21S,60,transit,6R3XD_B20,6R3XD_B21
6R3XD_B21N,6R3XD_B20N,79.5652173913043,transit,6R3XD_B21,6R3XD_B20
6R3XD_B21S,6R3XD_B22S,97.5,transit,6R3XD_B21,6R3XD_B22
6R3XD_B22N,6R3XD_B21N,90,transit,6R3XD_B22,6R3XD_B21
6R3XD_B22S,6R3XD_B23S,150,transit,6R3XD_B22,6R3XD_B23
6R3XD_B23N,6R3XD_B22N,150,transit,6R3XD_B23,6R3XD_B22
6R3XD_B23S,6R3XD_D43S,295.263157894737,transit,6R3XD_B23,6R3XD_D43
6R3XD_D01S,6R3XD_D03S,204.782608695652,transit,6R3XD_D01,6R3XD_D03
6R3XD_D03N,6R3XD_D01N,159.545454545455,transit,6R3XD_D03,6R3XD_D01
6R3XD_D03S,6R3XD_D04S,120,transit,6R3XD_D03,6R3XD_D04
6R3XD_D04N,6R3XD_D03N,120,transit,6R3XD_D04,6R3XD_D03
6R3XD_D04S,6R3XD_D05S,105.714285714286,transit,6R3XD_D04,6R3XD_D05
6R3XD_D05N,6R3XD_D04N,117.954545454545,transit,6R3XD_D05,6R3XD_D04
6R3XD_D05S,6R3XD_D06S,85.2,transit,6R3XD_D05,6R3XD_D06
6R3XD_D05S,6R3XD_D07S,150,transit,6R3XD_D05,6R3XD_D07
6R3XD_D06N,6R3XD_D05N,90,transit,6R3XD_D06,6R3XD_D05
6R3XD_D06S,6R3XD_D07S,90,transit,6R3XD_D06,6R3XD_D07
6R3XD_D07N,6R3XD_D06N,120,transit,6R3XD_D07,6R3XD_D06
6R3XD_D07N,6R3XD_D05N,210,transit,6R3XD_D07,6R3XD_D05
6R3XD_D07S,6R3XD_D08S,90,transit,6R3XD_D07,6R3XD_D08
6R3XD_D07S,6R3XD_D13S,480,transit,6R3XD_D07,6R3XD_D13
6R3XD_D08N,6R3XD_D07N,90,transit,6R3XD_D08,6R3XD_D07
6R3XD_D08S,6R3XD_D09S,103.2,transit,6R3XD_D08,6R3XD_D09
6R3XD_D09N,6R3XD_D08N,102.954545454545,transit,6R3XD_D09,6R3XD_D08
6R3XD_D09S,6R3XD_D10S,106.8,transit,6R3XD_D09,6R3XD_D10
6R3XD_D10N,6R3XD_D09N,111.136363636364,transit,6R3XD_D10,6R3XD_D09
6R3XD_D10S,6R3XD_D11S,133.2,transit,6R3XD_D10,6R3XD_D11
6R3XD_D11N,6R3XD_D10N,132.954545454545,transit,6R3XD_D11,6R3XD_D10
6R3XD_D11S,6R3XD_D12S,120,transit,6R3XD_D11,6R3XD_D12
6R3XD_D12N,6R3XD_D11N,120,transit,6R3XD_D12,6R3XD_D11
6R3XD_D12S,6R3XD_D13S,136.8,transit,6R3XD_D12,6R3XD_D13
6R3XD_D13N,6R3XD_D12N,120,transit,6R3XD_D13,6R3XD_D12
6R3XD_D13S,6R3XD_A14S,122.857142857143,transit,6R3XD_D13,6R3XD_A14
6R3XD_D13S,6R3XD_A15S,223.04347826087,transit,6R3XD_D13,6R3XD_A15
6R3XD_D14N,6R3XD_A24N,157.5,transit,6R3XD_D14,6R3XD_A24
6R3XD_D14N,6R3XD_F12N,90,transit,6R3XD_D14,6R3XD_F12
6R3XD_D14S,6R3XD_D15S,100.909090909091,transit,6R3XD_D14,6R3XD_D15
6R3XD_D14S,6R3XD_A25S,90,transit,6R3XD_D14,6R3XD_A25
6R3XD_D15N,6R3XD_D14N,90,transit,6R3XD_D15,6R3XD_D14
6R3XD_D15N,6R3XD_B10N,120,transit,6R3XD_D15,6R3XD_B10
6R3XD_D15N,6R3XD_F12N,150,transit,6R3XD_D15,6R3XD_F12
6R3XD_D15S,6R3XD_D16S,90,transit,6R3XD_D15,6R3XD_D16
6R3XD_D16N,6R3XD_D15N,90,transit,6R3XD_D16,6R3XD_D15
6R3XD_D16S,6R3XD_D17S,90,transit,6R3XD_D16,6R3XD_D17
6R3XD_D17N,6R3XD_D16N,90,transit,6R3XD_D17,6R3XD_D16
6R3XD_D17S,6R3XD_D20S,180,transit,6R3XD_D17,6R3XD_D20
6R3XD_D17S,6R3XD_D18S,120,transit,6R3XD_D17,6R3XD_D18
6R3XD_D18N,6R3XD_D17N,120,transit,6R3XD_D18,6R3XD_D17
6R3XD_D18S,6R3XD_D19S,90,transit,6R3XD_D18,6R3XD_D19
6R3XD_D19N,6R3XD_D18N,90,transit,6R3XD_D19,6R3XD_D18
6R3XD_D19S,6R3XD_D20S,120,transit,6R3XD_D19,6R3XD_D20
6R3XD_D20N,6R3XD_D17N,206.808510638298,transit,6R3XD_D20,6R3XD_D17
6R3XD_D20N,6R3XD_D19N,106.415094339623,transit,6R3XD_D20,6R3XD_D19
6R3XD_D20S,6R3XD_D21S,150,transit,6R3XD_D20,6R3XD_D21
6R3XD_D21N,6R3XD_D20N,165.588235294118,transit,6R3XD_D21,6R3XD_D20
6R3XD_D21S,6R3XD_D22S,120,transit,6R3XD_D21,6R3XD_D22
6R3XD_D21S,6R3XD_F14S,90,transit,6R3XD_D21,6R3XD_F14
6R3XD_D21S,6R3XD_M18S,210,transit,6R3XD_D21,6R3XD_M18
6R3XD_D22N,6R3XD_D21N,141.25,transit,6R3XD_D22,6R3XD_D21
6R3XD_D22S,6R3XD_R30S,519.473684210526,transit,6R3XD_D22,6R3XD_R30
6R3XD_D22S,6R3XD_R31S,658.571428571429,transit,6R3XD_D22,6R3XD_R31
6R3XD_D24N,6R3XD_R30N,180,transit,6R3XD_D24,6R3XD_R30
6R3XD_D24S,6R3XD_D25S,180,transit,6R3XD_D24,6R3XD_D25
6R3XD_D25N,6R3XD_D24N,127.2,transit,6R3XD_D25,6R3XD_D24
6R3XD_D25S,6R3XD_D26S,180,transit,6R3XD_D25,6R3XD_D26
6R3XD_D26N,6R3XD_D25N,180,transit,6R3XD_D26,6R3XD_D25
6R3XD_D26N,6R3XD_S04N,180,transit,6R3XD_D26,6R3XD_S04
6R3XD_D26S,6R3XD_D28S,120,transit,6R3XD_D26,6R3XD_D28
6R3XD_D26S,6R3XD_D27S,90,transit,6R3XD_D26,6R3XD_D27
6R3XD_D27N,6R3XD_D26N,92.3076923076923,transit,6R3XD_D27,6R3XD_D26
6R3XD_D27S,6R3XD_D28S,90,transit,6R3XD_D27,6R3XD_D28
6R3XD_D28N,6R3XD_D26N,120,transit,6R3XD_D28,6R3XD_D26
6R3XD_D28N,6R3XD_D27N,87.6,transit,6R3XD_D28,6R3XD_D27
6R3XD_D28S,6R3XD_D31S,150,transit,6R3XD_D28,6R3XD_D31
6R3XD_D28S,6R3XD_D29S,90,transit,6R3XD_D28,6R3XD_D29
6R3XD_D29N,6R3XD_D28N,92.4,transit,6R3XD_D29,6R3XD_D28
6R3XD_D29S,6R3XD_D30S,60,transit,6R3XD_D29,6R3XD_D30
6R3XD_D30N,6R3XD_D29N,57.6,transit,6R3XD_D30,6R3XD_D29
6R3XD_D30S,6R3XD_D31S,90,transit,6R3XD_D30,6R3XD_D31
6R3XD_D31N,6R3XD_D28N,180,transit,6R3XD_D31,6R3XD_D28
6R3XD_D31N,6R3XD_D30N,92.4,transit,6R3XD_D31,6R3XD_D30
6R3XD_D31S,6R3XD_D35S,270,transit,6R3XD_D31,6R3XD_D35
6R3XD_D31S,6R3XD_D32S,63.75,transit,6R3XD_D31,6R3XD_D32
6R3XD_D32N,6R3XD_D31N,84,transit,6R3XD_D32,6R3XD_D31
6R3XD_D32S,6R3XD_D33S,86.25,transit,6R3XD_D32,6R3XD_D33
6R3XD_D33N,6R3XD_D32N,65.7692307692308,transit,6R3XD_D33,6R3XD_D32
6R3XD_D33S,6R3XD_D34S,93.75,transit,6R3XD_D33,6R3XD_D34
6R3XD_D34N,6R3XD_D33N,115.2,transit,6R3XD_D34,6R3XD_D33
6R3XD_D34S,6R3XD_D35S,150,transit,6R3XD_D34,6R3XD_D35
6R3XD_D35N,6R3XD_D31N,281.25,transit,6R3XD_D35,6R3XD_D31
6R3XD_D35N,6R3XD_D34N,150,transit,6R3XD_D35,6R3XD_D34
6R3XD_D35S,6R3XD_D39S,270,transit,6R3XD_D35,6R3XD_D39
6R3XD_D35S,6R3XD_D37S,120,transit,6R3XD_D35,6R3XD_D37
6R3XD_D37N,6R3XD_D35N,140.769230769231,transit,6R3XD_D37,6R3XD_D35
6R3XD_D37S,6R3XD_D38S,60,transit,6R3XD_D37,6R3XD_D38
6R3XD_D38N,6R3XD_D37N,60,transit,6R3XD_D38,6R3XD_D37
6R3XD_D38S,6R3XD_D39S,120,transit,6R3XD_D38,6R3XD_D39
6R3XD_D39N,6R3XD_D35N,240,transit,6R3XD_D39,6R3XD_D35
6R3XD_D39N,6R3XD_D38N,120,transit,6R3XD_D39,6R3XD_D38
6R3XD_D39S,6R3XD_D40S,152.857142857143,transit,6R3XD_D39,6R3XD_D40
6R3XD_D40N,6R3XD_D39N,132.857142857143,transit,6R3XD_D40,6R3XD_D39
6R3XD_D40S,6R3XD_D41S,120,transit,6R3XD_D40,6R3XD_D41
6R3XD_D41N,6R3XD_D40N,120,transit,6R3XD_D41,6R3XD_D40
6R3XD_D41S,6R3XD_D42S,120,transit,6R3XD_D41,6R3XD_D42
6R3XD_D42N,6R3XD_F39N,90,transit,6R3XD_D42,6R3XD_F39
6R3XD_D42N,6R3XD_D41N,98.0769230769231,transit,6R3XD_D42,6R3XD_D41
6R3XD_D42S,6R3XD_D43S,90,transit,6R3XD_D42,6R3XD_D43
6R3XD_D43N,6R3XD_B23N,240,transit,6R3XD_D43,6R3XD_B23
6R3XD_D43N,6R3XD_D42N,90,transit,6R3XD_D43,6R3XD_D42
6R3XD_D43N,6R3XD_N10N,247.5,transit,6R3XD_D43,6R3XD_N10
6R3XD_E01N,6R3XD_A34N,120,transit,6R3XD_E01,6R3XD_A34
6R3XD_F01S,6R3XD_F02S,120,transit,6R3XD_F01,6R3XD_F02
6R3XD_F02N,6R3XD_F01N,120,transit,6R3XD_F02,6R3XD_F01
6R3XD_F02S,6R3XD_F03S,90,transit,6R3XD_F02,6R3XD_F03
6R3XD_F03N,6R3XD_F02N,120,transit,6R3XD_F03,6R3XD_F02
6R3XD_F03S,6R3XD_F04S,90,transit,6R3XD_F03,6R3XD_F04
6R3XD_F04N,6R3XD_F03N,90,transit,6R3XD_F04,6R3XD_F03
6R3XD_F04S,6R3XD_F05S,150,transit,6R3XD_F04,6R3XD_F05
6R3XD_F05N,6R3XD_G07N,90,transit,6R3XD_F05,6R3XD_G07
6R3XD_F05N,6R3XD_F04N,120,transit,6R3XD_F05,6R3XD_F04
6R3XD_F05S,6R3XD_F06S,120,transit,6R3XD_F05,6R3XD_F06
6R3XD_F06N,6R3XD_G07N,210,transit,6R3XD_F06,6R3XD_G07
6R3XD_F06N,6R3XD_F05N,120,transit,6R3XD_F06,6R3XD_F05
6R3XD_F06S,6R3XD_G08S,210,transit,6R3XD_F06,6R3XD_G08
6R3XD_F06S,6R3XD_F07S,120,transit,6R3XD_F06,6R3XD_F07
6R3XD_F07N,6R3XD_F06N,120,transit,6R3XD_F07,6R3XD_F06
6R3XD_F07S,6R3XD_G08S,120,transit,6R3XD_F07,6R3XD_G08
6R3XD_F09N,6R3XD_G21N,120,transit,6R3XD_F09,6R3XD_G21
6R3XD_F09S,6R3XD_F11S,180,transit,6R3XD_F09,6R3XD_F11
6R3XD_F11N,6R3XD_F09N,180,transit,6R3XD_F11,6R3XD_F09
6R3XD_F11S,6R3XD_F12S,90,transit,6R3XD_F11,6R3XD_F12
6R3XD_F12N,6R3XD_F11N,90,transit,6R3XD_F12,6R3XD_F11
6R3XD_F12S,6R3XD_D14S,113.142857142857,transit,6R3XD_F12,6R3XD_D14
6R3XD_F12S,6R3XD_D15S,150,transit,6R3XD_F12,6R3XD_D15
6R3XD_F14N,6R3XD_D21N,90,transit,6R3XD_F14,6R3XD_D21
6R3XD_F14S,6R3XD_F15S,90,transit,6R3XD_F14,6R3XD_F15
6R3XD_F15N,6R3XD_F14N,110.322580645161,transit,6R3XD_F15,6R3XD_F14
6R3XD_F15S,6R3XD_F16S,90,transit,6R3XD_F15,6R3XD_F16
6R3XD_F16N,6R3XD_F15N,90,transit,6R3XD_F16,6R3XD_F15
6R3XD_F16S,6R3XD_F18S,150,transit,6R3XD_F16,6R3XD_F18
6R3XD_F18N,6R3XD_F16N,150,transit,6R3XD_F18,6R3XD_F16
6R3XD_F18S,6R3XD_A41S,120,transit,6R3XD_F18,6R3XD_A41
6R3XD_F20N,6R3XD_A41N,150,transit,6R3XD_F20,6R3XD_A41
6R3XD_F20N,6R3XD_A42N,112.173913043478,transit,6R3XD_F20,6R3XD_A42
6R3XD_F20S,6R3XD_F21S,90,transit,6R3XD_F20,6R3XD_F21
6R3XD_F21N,6R3XD_F20N,120,transit,6R3XD_F21,6R3XD_F20
6R3XD_F21S,6R3XD_F22S,120,transit,6R3XD_F21,6R3XD_F22
6R3XD_F22N,6R3XD_F21N,141.111111111111,transit,6R3XD_F22,6R3XD_F21
6R3XD_F22S,6R3XD_F23S,120,transit,6R3XD_F22,6R3XD_F23
6R3XD_F23N,6R3XD_F22N,90,transit,6R3XD_F23,6R3XD_F22
6R3XD_F23S,6R3XD_F24S,120,transit,6R3XD_F23,6R3XD_F24
6R3XD_F24N,6R3XD_F23N,120,transit,6R3XD_F24,6R3XD_F23
6R3XD_F24S,6R3XD_F25S,100.526315789474,transit,6R3XD_F24,6R3XD_F25
6R3XD_F25N,6R3XD_F24N,90,transit,6R3XD_F25,6R3XD_F24
6R3XD_F25S,6R3XD_F26S,150,transit,6R3XD_F25,6R3XD_F26
6R3XD_F26N,6R3XD_F25N,150,transit,6R3XD_F26,6R3XD_F25
6R3XD_F26S,6R3XD_F27S,120,transit,6R3XD_F26,6R3XD_F27
6R3XD_F27N,6R3XD_F26N,120,transit,6R3XD_F27,6R3XD_F26
6R3XD_F27S,6R3XD_F29S,120,transit,6R3XD_F27,6R3XD_F29
6R3XD_F29N,6R3XD_F27N,120,transit,6R3XD_F29,6R3XD_F27
6R3XD_F29S,6R3XD_F30S,120,transit,6R3XD_F29,6R3XD_F30
6R3XD_F30N,6R3XD_F29N,120,transit,6R3XD_F30,6R3XD_F29
6R3XD_F30S,6R3XD_F31S,60,transit,6R3XD_F30,6R3XD_F31
6R3XD_F31N,6R3XD_F30N,60,transit,6R3XD_F31,6R3XD_F30
6R3XD_F31S,6R3XD_F32S,90,transit,6R3XD_F31,6R3XD_F32
6R3XD_F32N,6R3XD_F31N,90,transit,6R3XD_F32,6R3XD_F31
6R3XD_F32S,6R3XD_F33S,90,transit,6R3XD_F32,6R3XD_F33
6R3XD_F33N,6R3XD_F32N,90,transit,6R3XD_F33,6R3XD_F32
6R3XD_F33S,6R3XD_F34S,90,transit,6R3XD_F33,6R3XD_F34
6R3XD_F34N,6R3XD_F33N,90,transit,6R3XD_F34,6R3XD_F33
6R3XD_F34S,6R3XD_F35S,90,transit,6R3XD_F34,6R3XD_F35
6R3XD_F35N,6R3XD_F34N,90,transit,6R3XD_F35,6R3XD_F34
6R3XD_F35S,6R3XD_F36S,120,transit,6R3XD_F35,6R3XD_F36
6R3XD_F36N,6R3XD_F35N,120,transit,6R3XD_F36,6R3XD_F35
6R3XD_F36S,6R3XD_F38S,118.636363636364,transit,6R3XD_F36,6R3XD_F38
6R3XD_F38N,6R3XD_F36N,106.8,transit,6R3XD_F38,6R3XD_F36
6R3XD_F38S,6R3XD_F39S,150,transit,6R3XD_F38,6R3XD_F39
6R3XD_F39N,6R3XD_F38N,150,transit,6R3XD_F39,6R3XD_F38
6R3XD_F39S,6R3XD_D42S,120,transit,6R3XD_F39,6R3XD_D42
6R3XD_G05S,6R3XD_G06S,76.7213114754098,transit,6R3XD_G05,6R3XD_G06
6R3XD_G06N,6R3XD_G05N,77.5471698113208,transit,6R3XD_G06,6R3XD_G05
6R3XD_G06S,6R3XD_G07S,150,transit,6R3XD_G06,6R3XD_G07
6R3XD_G06S,6R3XD_J12S,240,transit,6R3XD_G06,6R3XD_J12
6R3XD_G06S,6R3XD_J13S,300,transit,6R3XD_G06,6R3XD_J13
6R3XD_G07N,6R3XD_G06N,149.032258064516,transit,6R3XD_G07,6R3XD_G06
6R3XD_G07S,6R3XD_F06S,195,transit,6R3XD_G07,6R3XD_F06
6R3XD_G08N,6R3XD_F06N,150,transit,6R3XD_G08,6R3XD_F06
6R3XD_G08N,6R3XD_F07N,120,transit,6R3XD_G08,6R3XD_F07
6R3XD_G08S,6R3XD_G14S,351.492537313433,transit,6R3XD_G08,6R3XD_G14
6R3XD_G08S,6R3XD_G09S,120,transit,6R3XD_G08,6R3XD_G09
6R3XD_G09N,6R3XD_G08N,120,transit,6R3XD_G09,6R3XD_G08
6R3XD_G09S,6R3XD_G10S,90,transit,6R3XD_G09,6R3XD_G10
6R3XD_G10N,6R3XD_G09N,90,transit,6R3XD_G10,6R3XD_G09
6R3XD_G10S,6R3XD_G11S,90,transit,6R3XD_G10,6R3XD_G11
6R3XD_G11N,6R3XD_G10N,90,transit,6R3XD_G11,6R3XD_G10
6R3XD_G11S,6R3XD_G12S,115.102040816327,transit,6R3XD_G11,6R3XD_G12
6R3XD_G12N,6R3XD_G11N,115.714285714286,transit,6R3XD_G12,6R3XD_G11
6R3XD_G12S,6R3XD_G13S,90,transit,6R3XD_G12,6R3XD_G13
6R3XD_G13N,6R3XD_G12N,90,transit,6R3XD_G13,6R3XD_G12
6R3XD_G13S,6R3XD_G14S,120,transit,6R3XD_G13,6R3XD_G14
6R3XD_G14N,6R3XD_G08N,340.5,transit,6R3XD_G14,6R3XD_G08
6R3XD_G14N,6R3XD_G13N,120,transit,6R3XD_G14,6R3XD_G13
6R3XD_G14S,6R3XD_G21S,320.909090909091,transit,6R3XD_G14,6R3XD_G21
6R3XD_G14S,6R3XD_B04S,360,transit,6R3XD_G14,6R3XD_B04
6R3XD_G14S,6R3XD_G15S,90,transit,6R3XD_G14,6R3XD_G15
6R3XD_G15N,6R3XD_G14N,90,transit,6R3XD_G15,6R3XD_G14
6R3XD_G15S,6R3XD_G16S,90,transit,6R3XD_G15,6R3XD_G16
6R3XD_G16N,6R3XD_G15N,90,transit,6R3XD_G16,6R3XD_G15
6R3XD_G16S,6R3XD_G18S,90,transit,6R3XD_G16,6R3XD_G18
6R3XD_G18N,6R3XD_G16N,90,transit,6R3XD_G18,6R3XD_G16
6R3XD_G18S,6R3XD_G19S,106.25,transit,6R3XD_G18,6R3XD_G19
6R3XD_G19N,6R3XD_G18N,94.7727272727273,transit,6R3XD_G19,6R3XD_G18
6R3XD_G19S,6R3XD_G20S,120,transit,6R3XD_G19,6R3XD_G20
6R3XD_G20N,6R3XD_G19N,120,transit,6R3XD_G20,6R3XD_G19
6R3XD_G20S,6R3XD_G21S,120,transit,6R3XD_G20,6R3XD_G21
6R3XD_G21N,6R3XD_G14N,360,transit,6R3XD_G21,6R3XD_G14
6R3XD_G21N,6R3XD_G20N,120,transit,6R3XD_G21,6R3XD_G20
6R3XD_G21S,6R3XD_F09S,114.827586206897,transit,6R3XD_G21,6R3XD_F09
6R3XD_G21S,6R3XD_R11S,344.347826086957,transit,6R3XD_G21,6R3XD_R11
6R3XD_G22S,6R3XD_G24S,60,transit,6R3XD_G22,6R3XD_G24
6R3XD_G24N,6R3XD_G22N,60,transit,6R3XD_G24,6R3XD_G22
6R3XD_G24S,6R3XD_G26S,167.5,transit,6R3XD_G24,6R3XD_G26
6R3XD_G26N,6R3XD_G24N,160.434782608696,transit,6R3XD_G26,6R3XD_G24
6R3XD_G26S,6R3XD_G28S,90,transit,6R3XD_G26,6R3XD_G28
6R3XD_G28N,6R3XD_G26N,90,transit,6R3XD_G28,6R3XD_G26
6R3XD_G28S,6R3XD_G29S,180,transit,6R3XD_G28,6R3XD_G29
6R3XD_G29N,6R3XD_G28N,180,transit,6R3XD_G29,6R3XD_G28
6R3XD_G29S,6R3XD_G30S,90,transit,6R3XD_G29,6R3XD_G30
6R3XD_G30N,6R3XD_G29N,70,transit,6R3XD_G30,6R3XD_G29
6R3XD_G30S,6R3XD_G31S,78.75,transit,6R3XD_G30,6R3XD_G31
6R3XD_G31N,6R3XD_G30N,90,transit,6R3XD_G31,6R3XD_G30
6R3XD_G31S,6R3XD_G32S,71.25,transit,6R3XD_G31,6R3XD_G32
6R3XD_G32N,6R3XD_G31N,79.5652173913043,transit,6R3XD_G32,6R3XD_G31
6R3XD_G32S,6R3XD_G33S,108.75,transit,6R3XD_G32,6R3XD_G33
6R3XD_G33N,6R3XD_G32N,100,transit,6R3XD_G33,6R3XD_G32
6R3XD_G33S,6R3XD_G34S,60,transit,6R3XD_G33,6R3XD_G34
6R3XD_G34N,6R3XD_G33N,60,transit,6R3XD_G34,6R3XD_G33
6R3XD_G34S,6R3XD_G35S,90,transit,6R3XD_G34,6R3XD_G35
6R3XD_G35N,6R3XD_G34N,90,transit,6R3XD_G35,6R3XD_G34
6R3XD_G35S,6R3XD_G36S,90,transit,6R3XD_G35,6R3XD_G36
6R3XD_G36N,6R3XD_G35N,90,transit,6R3XD_G36,6R3XD_G35
6R3XD_G36S,6R3XD_A42S,110,transit,6R3XD_G36,6R3XD_A42
6R3XD_H01N,6R3XD_A61N,180,transit,6R3XD_H01,6R3XD_A61
6R3XD_H02N,6R3XD_H01N,60,transit,6R3XD_H02,6R3XD_H01
6R3XD_H02S,6R3XD_H03S,120,transit,6R3XD_H02,6R3XD_H03
6R3XD_H03N,6R3XD_H02N,120,transit,6R3XD_H03,6R3XD_H02
6R3XD_H03S,6R3XD_H04S,406.363636363636,transit,6R3XD_H03,6R3XD_H04
6R3XD_H04N,6R3XD_H03N,450,transit,6R3XD_H04,6R3XD_H03
6R3XD_H04S,6R3XD_H06S,300,transit,6R3XD_H04,6R3XD_H06
6R3XD_H04S,6R3XD_H12S,240,transit,6R3XD_H04,6R3XD_H12
6R3XD_H06N,6R3XD_H04N,272.142857142857,transit,6R3XD_H06,6R3XD_H04
6R3XD_H06S,6R3XD_H07S,115,transit,6R3XD_H06,6R3XD_H07
6R3XD_H07N,6R3XD_H06N,90,transit,6R3XD_H07,6R3XD_H06
6R3XD_H07S,6R3XD_H08S,105,transit,6R3XD_H07,6R3XD_H08
6R3XD_H08N,6R3XD_H07N,150,transit,6R3XD_H08,6R3XD_H07
6R3XD_H08S,6R3XD_H09S,81.8181818181818,transit,6R3XD_H08,6R3XD_H09
6R3XD_H09N,6R3XD_H08N,90,transit,6R3XD_H09,6R3XD_H08
6R3XD_H09S,6R3XD_H10S,79.0909090909091,transit,6R3XD_H09,6R3XD_H10
6R3XD_H10N,6R3XD_H09N,90,transit,6R3XD_H10,6R3XD_H09
6R3XD_H10S,6R3XD_H11S,90,transit,6R3XD_H10,6R3XD_H11
6R3XD_H11N,6R3XD_H10N,120,transit,6R3XD_H11,6R3XD_H10
6R3XD_H12N,6R3XD_H04N,210,transit,6R3XD_H12,6R3XD_H04
6R3XD_H12S,6R3XD_H13S,90,transit,6R3XD_H12,6R3XD_H13
6R3XD_H13N,6R3XD_H12N,107.142857142857,transit,6R3XD_H13,6R3XD_H12
6R3XD_H13S,6R3XD_H14S,60,transit,6R3XD_H13,6R3XD_H14
6R3XD_H14N,6R3XD_H13N,102.857142857143,transit,6R3XD_H14,6R3XD_H13
6R3XD_H14S,6R3XD_H15S,90,transit,6R3XD_H14,6R3XD_H15
6R3XD_H15N,6R3XD_H14N,136.153846153846,transit,6R3XD_H15,6R3XD_H14
6R3XD_J12N,6R3XD_G06N,240,transit,6R3XD_J12,6R3XD_G06
6R3XD_J12S,6R3XD_J13S,90,transit,6R3XD_J12,6R3XD_J13
6R3XD_J12S,6R3XD_J14S,180,transit,6R3XD_J12,6R3XD_J14
6R3XD_J13N,6R3XD_J12N,90,transit,6R3XD_J13,6R3XD_J12
6R3XD_J13S,6R3XD_J14S,120,transit,6R3XD_J13,6R3XD_J14
6R3XD_J13S,6R3XD_J15S,180,transit,6R3XD_J13,6R3XD_J15
6R3XD_J14N,6R3XD_J13N,120,transit,6R3XD_J14,6R3XD_J13
6R3XD_J14S,6R3XD_J15S,90,transit,6R3XD_J14,6R3XD_J15
6R3XD_J15N,6R3XD_J14N,90,transit,6R3XD_J15,6R3XD_J14
6R3XD_J15S,6R3XD_J16S,120,transit,6R3XD_J15,6R3XD_J16
6R3XD_J15S,6R3XD_J17S,180,transit,6R3XD_J15,6R3XD_J17
6R3XD_J16N,6R3XD_J15N,118.695652173913,transit,6R3XD_J16,6R3XD_J15
6R3XD_J16S,6R3XD_J17S,90,transit,6R3XD_J16,6R3XD_J17
6R3XD_J16S,6R3XD_J19S,150,transit,6R3XD_J16,6R3XD_J19
6R3XD_J17N,6R3XD_J16N,90,transit,6R3XD_J17,6R3XD_J16
6R3XD_J17S,6R3XD_J19S,70.7142857142857,transit,6R3XD_J17,6R3XD_J19
6R3XD_J17S,6R3XD_J20S,150,transit,6R3XD_J17,6R3XD_J20
6R3XD_J19N,6R3XD_J17N,61.304347826087,transit,6R3XD_J19,6R3XD_J17
6R3XD_J19S,6R3XD_J20S,110,transit,6R3XD_J19,6R3XD_J20
6R3XD_J20N,6R3XD_J19N,120,transit,6R3XD_J20,6R3XD_J19
6R3XD_J20S,6R3XD_J21S,103.5,transit,6R3XD_J20,6R3XD_J21
6R3XD_J20S,6R3XD_J22S,150,transit,6R3XD_J20,6R3XD_J22
6R3XD_J21N,6R3XD_J20N,120,transit,6R3XD_J21,6R3XD_J20
6R3XD_J21S,6R3XD_J22S,72,transit,6R3XD_J21,6R3XD_J22
6R3XD_J21S,6R3XD_J23S,150,transit,6R3XD_J21,6R3XD_J23
6R3XD_J22N,6R3XD_J21N,60,transit,6R3XD_J22,6R3XD_J21
6R3XD_J22S,6R3XD_J23S,90,transit,6R3XD_J22,6R3XD_J23
6R3XD_J22S,6R3XD_J24S,150,transit,6R3XD_J22,6R3XD_J24
6R3XD_J23N,6R3XD_J22N,90,transit,6R3XD_J23,6R3XD_J22
6R3XD_J23S,6R3XD_J24S,81,transit,6R3XD_J23,6R3XD_J24
6R3XD_J24N,6R3XD_J23N,90,transit,6R3XD_J24,6R3XD_J23
6R3XD_J24S,6R3XD_J27S,105.555555555556,transit,6R3XD_J24,6R3XD_J27
6R3XD_J27N,6R3XD_J24N,120,transit,6R3XD_J27,6R3XD_J24
6R3XD_J27S,6R3XD_J28S,81,transit,6R3XD_J27,6R3XD_J28
6R3XD_J27S,6R3XD_J29S,150,transit,6R3XD_J27,6R3XD_J29
6R3XD_J28N,6R3XD_J27N,90,transit,6R3XD_J28,6R3XD_J27
6R3XD_J28S,6R3XD_J29S,90,transit,6R3XD_J28,6R3XD_J29
6R3XD_J28S,6R3XD_J30S,150,transit,6R3XD_J28,6R3XD_J30
6R3XD_J29N,6R3XD_J28N,90,transit,6R3XD_J29,6R3XD_J28
6R3XD_J29S,6R3XD_J30S,90,transit,6R3XD_J29,6R3XD_J30
6R3XD_J29S,6R3XD_J31S,150,transit,6R3XD_J29,6R3XD_J31
6R3XD_J30N,6R3XD_J29N,90,transit,6R3XD_J30,6R3XD_J29
6R3XD_J30S,6R3XD_J31S,90,transit,6R3XD_J30,6R3XD_J31
6R3XD_J30S,6R3XD_M11S,180,transit,6R3XD_J30,6R3XD_M11
6R3XD_J31N,6R3XD_J30N,90,transit,6R3XD_J31,6R3XD_J30
6R3XD_J31S,6R3XD_M11S,100,transit,6R3XD_J31,6R3XD_M11
6R3XD_L01S,6R3XD_L02S,90,transit,6R3XD_L01,6R3XD_L02
6R3XD_L02N,6R3XD_L01N,60,transit,6R3XD_L02,6R3XD_L01
6R3XD_L02S,6R3XD_L03S,90,transit,6R3XD_L02,6R3XD_L03
6R3XD_L03N,6R3XD_L02N,90,transit,6R3XD_L03,6R3XD_L02
6R3XD_L03S,6R3XD_L05S,60,transit,6R3XD_L03,6R3XD_L05
6R3XD_L05N,6R3XD_L03N,90,transit,6R3XD_L05,6R3XD_L03
6R3XD_L05S,6R3XD_L06S,60,transit,6R3XD_L05,6R3XD_L06
6R3XD_L06N,6R3XD_L05N,60,transit,6R3XD_L06,6R3XD_L05
6R3XD_L06S,6R3XD_L08S,210,transit,6R3XD_L06,6R3XD_L08
6R3XD_L08N,6R3XD_L06N,210,transit,6R3XD_L08,6R3XD_L06
6R3XD_L08S,6R3XD_L10S,90,transit,6R3XD_L08,6R3XD_L10
6R3XD_L10N,6R3XD_L08N,90,transit,6R3XD_L10,6R3XD_L08
6R3XD_L10S,6R3XD_L11S,60,transit,6R3XD_L10,6R3XD_L11
6R3XD_L11N,6R3XD_L10N,60,transit,6R3XD_L11,6R3XD_L10
6R3XD_L11S,6R3XD_L12S,90,transit,6R3XD_L11,6R3XD_L12
6R3XD_L12N,6R3XD_L11N,90,transit,6R3XD_L12,6R3XD_L11
6R3XD_L12S,6R3XD_L13S,60,transit,6R3XD_L12,6R3XD_L13
6R3XD_L13N,6R3XD_L12N,60,transit,6R3XD_L13,6R3XD_L12
6R3XD_L13S,6R3XD_L14S,90,transit,6R3XD_L13,6R3XD_L14
6R3XD_L14N,6R3XD_L13N,119.411764705882,transit,6R3XD_L14,6R3XD_L13
6R3XD_L14S,6R3XD_L15S,120,transit,6R3XD_L14,6R3XD_L15
6R3XD_L15N,6R3XD_L14N,120,transit,6R3XD_L15,6R3XD_L14
6R3XD_L15S,6R3XD_L16S,90,transit,6R3XD_L15,6R3XD_L16
6R3XD_L16N,6R3XD_L15N,90,transit,6R3XD_L16,6R3XD_L15
6R3XD_L16S,6R3XD_L17S,90,transit,6R3XD_L16,6R3XD_L17
6R3XD_L17N,6R3XD_L16N,90,transit,6R3XD_L17,6R3XD_L16
6R3XD_L17S,6R3XD_L19S,90,transit,6R3XD_L17,6R3XD_L19
6R3XD_L19N,6R3XD_L17N,90,transit,6R3XD_L19,6R3XD_L17
6R3XD_L19S,6R3XD_L20S,150,transit,6R3XD_L19,6R3XD_L20
6R3XD_L20N,6R3XD_L19N,148.604651162791,transit,6R3XD_L20,6R3XD_L19
6R3XD_L20S,6R3XD_L21S,90,transit,6R3XD_L20,6R3XD_L21
6R3XD_L21N,6R3XD_L20N,90,transit,6R3XD_L21,6R3XD_L20
6R3XD_L21S,6R3XD_L22S,60,transit,6R3XD_L21,6R3XD_L22
6R3XD_L22N,6R3XD_L21N,60,transit,6R3XD_L22,6R3XD_L21
6R3XD_L22S,6R3XD_L24S,60,transit,6R3XD_L22,6R3XD_L24
6R3XD_L24N,6R3XD_L22N,90,transit,6R3XD_L24,6R3XD_L22
6R3XD_L24S,6R3XD_L25S,90,transit,6R3XD_L24,6R3XD_L25
6R3XD_L25N,6R3XD_L24N,90,transit,6R3XD_L25,6R3XD_L24
6R3XD_L25S,6R3XD_L26S,60,transit,6R3XD_L25,6R3XD_L26
6R3XD_L26N,6R3XD_L25N,89.3181818181818,transit,6R3XD_L26,6R3XD_L25
6R3XD_L26S,6R3XD_L27S,90,transit,6R3XD_L26,6R3XD_L27
6R3XD_L27N,6R3XD_L26N,90,transit,6R3XD_L27,6R3XD_L26
6R3XD_L27S,6R3XD_L28S,120,transit,6R3XD_L27,6R3XD_L28
6R3XD_L28N,6R3XD_L27N,120,transit,6R3XD_L28,6R3XD_L27
6R3XD_L28S,6R3XD_L29S,90,transit,6R3XD_L28,6R3XD_L29
6R3XD_L29N,6R3XD_L28N,90,transit,6R3XD_L29,6R3XD_L28
6R3XD_M01N,6R3XD_M04N,150,transit,6R3XD_M01,6R3XD_M04
6R3XD_M04N,6R3XD_M05N,99.1304347826087,transit,6R3XD_M04,6R3XD_M05
6R3XD_M04S,6R3XD_M01S,150,transit,6R3XD_M04,6R3XD_M01
6R3XD_M05N,6R3XD_M06N,90,transit,6R3XD_M05,6R3XD_M06
6R3XD_M05S,6R3XD_M04S,90,transit,6R3XD_M05,6R3XD_M04
6R3XD_M06N,6R3XD_M08N,90,transit,6R3XD_M06,6R3XD_M08
6R3XD_M06S,6R3XD_M05S,90,transit,6R3XD_M06,6R3XD_M05
6R3XD_M08N,6R3XD_M09N,120,transit,6R3XD_M08,6R3XD_M09
6R3XD_M08S,6R3XD_M06S,90,transit,6R3XD_M08,6R3XD_M06
6R3XD_M09N,6R3XD_M10N,120,transit,6R3XD_M09,6R3XD_M10
6R3XD_M09S,6R3XD_M08S,90,transit,6R3XD_M09,6R3XD_M08
6R3XD_M10N,6R3XD_M11N,120,transit,6R3XD_M10,6R3XD_M11
6R3XD_M10S,6R3XD_M09S,120,transit,6R3XD_M10,6R3XD_M09
6R3XD_M11N,6R3XD_J31N,90,transit,6R3XD_M11,6R3XD_J31
6R3XD_M11N,6R3XD_M12N,90,transit,6R3XD_M11,6R3XD_M12
6R3XD_M11S,6R3XD_M16S,240,transit,6R3XD_M11,6R3XD_M16
6R3XD_M11S,6R3XD_M10S,120,transit,6R3XD_M11,6R3XD_M10
6R3XD_M12N,6R3XD_M11N,60,transit,6R3XD_M12,6R3XD_M11
6R3XD_M12N,6R3XD_M13N,95.4545454545455,transit,6R3XD_M12,6R3XD_M13
6R3XD_M13N,6R3XD_M12N,90,transit,6R3XD_M13,6R3XD_M12
6R3XD_M13N,6R3XD_M14N,86.0869565217391,transit,6R3XD_M13,6R3XD_M14
6R3XD_M14N,6R3XD_M13N,90,transit,6R3XD_M14,6R3XD_M13
6R3XD_M14N,6R3XD_M16N,60,transit,6R3XD_M14,6R3XD_M16
6R3XD_M16N,6R3XD_M14N,60,transit,6R3XD_M16,6R3XD_M14
6R3XD_M16N,6R3XD_M18N,450,transit,6R3XD_M16,6R3XD_M18
6R3XD_M18N,6R3XD_M16N,450,transit,6R3XD_M18,6R3XD_M16
6R3XD_M18N,6R3XD_D21N,227.727272727273,transit,6R3XD_M18,6R3XD_D21
6R3XD_M18S,6R3XD_M19S,90,transit,6R3XD_M18,6R3XD_M19
6R3XD_M19N,6R3XD_M18N,120,transit,6R3XD_M19,6R3XD_M18
6R3XD_M19S,6R3XD_M20S,101.538461538462,transit,6R3XD_M19,6R3XD_M20
6R3XD_M20N,6R3XD_M19N,120,transit,6R3XD_M20,6R3XD_M19
6R3XD_M20S,6R3XD_M21S,90,transit,6R3XD_M20,6R3XD_M21
6R3XD_M21N,6R3XD_M20N,120,transit,6R3XD_M21,6R3XD_M20
6R3XD_M21S,6R3XD_M22S,74.4444444444444,transit,6R3XD_M21,6R3XD_M22
6R3XD_M22N,6R3XD_M21N,90,transit,6R3XD_M22,6R3XD_M21
6R3XD_M22S,6R3XD_M23S,90,transit,6R3XD_M22,6R3XD_M23
6R3XD_M23N,6R3XD_M22N,108,transit,6R3XD_M23,6R3XD_M22
6R3XD_N02N,6R3XD_R41N,180,transit,6R3XD_N02,6R3XD_R41
6R3XD_N02S,6R3XD_N03S,67.5,transit,6R3XD_N02,6R3XD_N03
6R3XD_N03N,6R3XD_N02N,90,transit,6R3XD_N03,6R3XD_N02
6R3XD_N03S,6R3XD_N04S,142.5,transit,6R3XD_N03,6R3XD_N04
6R3XD_N04N,6R3XD_N03N,147.692307692308,transit,6R3XD_N04,6R3XD_N03
6R3XD_N04S,6R3XD_N05S,90,transit,6R3XD_N04,6R3XD_N05
6R3XD_N05N,6R3XD_N04N,90,transit,6R3XD_N05,6R3XD_N04
6R3XD_N05S,6R3XD_N06S,68.5714285714286,transit,6R3XD_N05,6R3XD_N06
6R3XD_N06N,6R3XD_N05N,90,transit,6R3XD_N06,6R3XD_N05
6R3XD_N06S,6R3XD_N07S,90,transit,6R3XD_N06,6R3XD_N07
6R3XD_N07N,6R3XD_N06N,90,transit,6R3XD_N07,6R3XD_N06
6R3XD_N07S,6R3XD_N08S,120,transit,6R3XD_N07,6R3XD_N08
6R3XD_N08N,6R3XD_N07N,120,transit,6R3XD_N08,6R3XD_N07
6R3XD_N08S,6R3XD_N09S,120,transit,6R3XD_N08,6R3XD_N09
6R3XD_N09N,6R3XD_N08N,120,transit,6R3XD_N09,6R3XD_N08
6R3XD_N09S,6R3XD_N10S,60,transit,6R3XD_N09,6R3XD_N10
6R3XD_N10N,6R3XD_N09N,60,transit,6R3XD_N10,6R3XD_N09
6R3XD_N10S,6R3XD_D43S,240,transit,6R3XD_N10,6R3XD_D43
6R3XD_Q01N,6R3XD_R20N,255.918367346939,transit,6R3XD_Q01,6R3XD_R20
6R3XD_Q01S,6R3XD_R31S,673.5,transit,6R3XD_Q01,6R3XD_R31
6R3XD_Q01S,6R3XD_R30S,458.75,transit,6R3XD_Q01,6R3XD_R30
6R3XD_Q03N,6R3XD_Q04N,120,transit,6R3XD_Q03,6R3XD_Q04
6R3XD_Q03S,6R3XD_B08S,120,transit,6R3XD_Q03,6R3XD_B08
6R3XD_Q04N,6R3XD_Q05N,90,transit,6R3XD_Q04,6R3XD_Q05
6R3XD_Q04S,6R3XD_Q03S,137.777777777778,transit,6R3XD_Q04,6R3XD_Q03
6R3XD_Q05S,6R3XD_Q04S,120,transit,6R3XD_Q05,6R3XD_Q04
6R3XD_R01S,6R3XD_R03S,111,transit,6R3XD_R01,6R3XD_R03
6R3XD_R03N,6R3XD_R01N,120,transit,6R3XD_R03,6R3XD_R01
6R3XD_R03S,6R3XD_R04S,69,transit,6R3XD_R03,6R3XD_R04
6R3XD_R04N,6R3XD_R03N,60,transit,6R3XD_R04,6R3XD_R03
6R3XD_R04S,6R3XD_R05S,110.487804878049,transit,6R3XD_R04,6R3XD_R05
6R3XD_R05N,6R3XD_R04N,120,transit,6R3XD_R05,6R3XD_R04
6R3XD_R05S,6R3XD_R06S,99.75,transit,6R3XD_R05,6R3XD_R06
6R3XD_R06N,6R3XD_R05N,90,transit,6R3XD_R06,6R3XD_R05
6R3XD_R06S,6R3XD_R08S,80.25,transit,6R3XD_R06,6R3XD_R08
6R3XD_R08N,6R3XD_R06N,90,transit,6R3XD_R08,6R3XD_R06
6R3XD_R08S,6R3XD_R09S,166.829268292683,transit,6R3XD_R08,6R3XD_R09
6R3XD_R09N,6R3XD_R08N,150,transit,6R3XD_R09,6R3XD_R08
6R3XD_R09S,6R3XD_R11S,270,transit,6R3XD_R09,6R3XD_R11
6R3XD_R11N,6R3XD_R09N,270,transit,6R3XD_R11,6R3XD_R09
6R3XD_R11N,6R3XD_G21N,360,transit,6R3XD_R11,6R3XD_G21
6R3XD_R11S,6R3XD_R13S,94.21875,transit,6R3XD_R11,6R3XD_R13
6R3XD_R13N,6R3XD_R11N,90,transit,6R3XD_R13,6R3XD_R11
6R3XD_R13S,6R3XD_R14S,150,transit,6R3XD_R13,6R3XD_R14
6R3XD_R14N,6R3XD_R13N,150,transit,6R3XD_R14,6R3XD_R13
6R3XD_R14N,6R3XD_B08N,180,transit,6R3XD_R14,6R3XD_B08
6R3XD_R14S,6R3XD_R15S,115.384615384615,transit,6R3XD_R14,6R3XD_R15
6R3XD_R14S,6R3XD_R16S,172.222222222222,transit,6R3XD_R14,6R3XD_R16
6R3XD_R15N,6R3XD_R14N,133.809523809524,transit,6R3XD_R15,6R3XD_R14
6R3XD_R15S,6R3XD_R16S,90,transit,6R3XD_R15,6R3XD_R16
6R3XD_R16N,6R3XD_R15N,120,transit,6R3XD_R16,6R3XD_R15
6R3XD_R16N,6R3XD_R14N,183.333333333333,transit,6R3XD_R16,6R3XD_R14
6R3XD_R16S,6R3XD_R17S,120.978260869565,transit,6R3XD_R16,6R3XD_R17
6R3XD_R17N,6R3XD_R16N,113.595505617978,transit,6R3XD_R17,6R3XD_R16
6R3XD_R17S,6R3XD_R20S,150,transit,6R3XD_R17,6R3XD_R20
6R3XD_R17S,6R3XD_R18S,60,transit,6R3XD_R17,6R3XD_R18
6R3XD_R18N,6R3XD_R17N,60,transit,6R3XD_R18,6R3XD_R17
6R3XD_R18S,6R3XD_R19S,90,transit,6R3XD_R18,6R3XD_R19
6R3XD_R19N,6R3XD_R18N,90,transit,6R3XD_R19,6R3XD_R18
6R3XD_R19S,6R3XD_R20S,108,transit,6R3XD_R19,6R3XD_R20
6R3XD_R20N,6R3XD_R17N,183.6,transit,6R3XD_R20,6R3XD_R17
6R3XD_R20N,6R3XD_R19N,112.857142857143,transit,6R3XD_R20,6R3XD_R19
6R3XD_R20S,6R3XD_Q01S,240,transit,6R3XD_R20,6R3XD_Q01
6R3XD_R20S,6R3XD_R21S,90,transit,6R3XD_R20,6R3XD_R21
6R3XD_R21N,6R3XD_R20N,101.707317073171,transit,6R3XD_R21,6R3XD_R20
6R3XD_R21S,6R3XD_R22S,150,transit,6R3XD_R21,6R3XD_R22
6R3XD_R22N,6R3XD_R21N,138.571428571429,transit,6R3XD_R22,6R3XD_R21
6R3XD_R22S,6R3XD_R23S,90,transit,6R3XD_R22,6R3XD_R23
6R3XD_R23N,6R3XD_R22N,101.428571428571,transit,6R3XD_R23,6R3XD_R22
6R3XD_R23S,6R3XD_R24S,150,transit,6R3XD_R23,6R3XD_R24
6R3XD_R24N,6R3XD_R23N,150,transit,6R3XD_R24,6R3XD_R23
6R3XD_R24S,6R3XD_R25S,120,transit,6R3XD_R24,6R3XD_R25
6R3XD_R25N,6R3XD_R24N,120,transit,6R3XD_R25,6R3XD_R24
6R3XD_R25S,6R3XD_R26S,90,transit,6R3XD_R25,6R3XD_R26
6R3XD_R26N,6R3XD_R25N,63.4883720930233,transit,6R3XD_R26,6R3XD_R25
6R3XD_R26S,6R3XD_R27S,120,transit,6R3XD_R26,6R3XD_R27
6R3XD_R27N,6R3XD_R26N,120,transit,6R3XD_R27,6R3XD_R26
6R3XD_R27S,6R3XD_R28S,210,transit,6R3XD_R27,6R3XD_R28
6R3XD_R28N,6R3XD_R27N,240,transit,6R3XD_R28,6R3XD_R27
6R3XD_R28S,6R3XD_R29S,120,transit,6R3XD_R28,6R3XD_R29
6R3XD_R29N,6R3XD_R28N,120,transit,6R3XD_R29,6R3XD_R28
6R3XD_R29S,6R3XD_R30S,120,transit,6R3XD_R29,6R3XD_R30
6R3XD_R30N,6R3XD_D22N,512.608695652174,transit,6R3XD_R30,6R3XD_D22
6R3XD_R30N,6R3XD_Q01N,500.4,transit,6R3XD_R30,6R3XD_Q01
6R3XD_R30N,6R3XD_R29N,90,transit,6R3XD_R30,6R3XD_R29
6R3XD_R30S,6R3XD_D24S,120,transit,6R3XD_R30,6R3XD_D24
6R3XD_R30S,6R3XD_R31S,180,transit,6R3XD_R30,6R3XD_R31
6R3XD_R31N,6R3XD_D22N,691.363636363636,transit,6R3XD_R31,6R3XD_D22
6R3XD_R31N,6R3XD_Q01N,653.75,transit,6R3XD_R31,6R3XD_Q01
6R3XD_R31N,6R3XD_R30N,180,transit,6R3XD_R31,6R3XD_R30
6R3XD_R31S,6R3XD_R36S,358.536585365854,transit,6R3XD_R31,6R3XD_R36
6R3XD_R31S,6R3XD_R32S,120,transit,6R3XD_R31,6R3XD_R32
6R3XD_R32N,6R3XD_R31N,120,transit,6R3XD_R32,6R3XD_R31
6R3XD_R32S,6R3XD_R33S,120,transit,6R3XD_R32,6R3XD_R33
6R3XD_R33N,6R3XD_R32N,120,transit,6R3XD_R33,6R3XD_R32
6R3XD_R33S,6R3XD_R34S,90,transit,6R3XD_R33,6R3XD_R34
6R3XD_R34N,6R3XD_R33N,90,transit,6R3XD_R34,6R3XD_R33
6R3XD_R34S,6R3XD_R35S,90,transit,6R3XD_R34,6R3XD_R35
6R3XD_R35N,6R3XD_R34N,90,transit,6R3XD_R35,6R3XD_R34
6R3XD_R35S,6R3XD_R36S,120,transit,6R3XD_R35,6R3XD_R36
6R3XD_R36N,6R3XD_R31N,366.875,transit,6R3XD_R36,6R3XD_R31
6R3XD_R36N,6R3XD_R35N,120,transit,6R3XD_R36,6R3XD_R35
6R3XD_R36S,6R3XD_B12S,250.434782608696,transit,6R3XD_R36,6R3XD_B12
6R3XD_R36S,6R3XD_R41S,210,transit,6R3XD_R36,6R3XD_R41
6R3XD_R36S,6R3XD_R39S,150,transit,6R3XD_R36,6R3XD_R39
6R3XD_R39N,6R3XD_R36N,150,transit,6R3XD_R39,6R3XD_R36
6R3XD_R39S,6R3XD_R40S,90,transit,6R3XD_R39,6R3XD_R40
6R3XD_R40N,6R3XD_R39N,90,transit,6R3XD_R40,6R3XD_R39
6R3XD_R40S,6R3XD_R41S,90,transit,6R3XD_R40,6R3XD_R41
6R3XD_R41N,6R3XD_R36N,273.75,transit,6R3XD_R41,6R3XD_R36
6R3XD_R41N,6R3XD_R40N,90,transit,6R3XD_R41,6R3XD_R40
6R3XD_R41S,6R3XD_N02S,180,transit,6R3XD_R41,6R3XD_N02
6R3XD_R41S,6R3XD_R42S,120,transit,6R3XD_R41,6R3XD_R42
6R3XD_R42N,6R3XD_R41N,120,transit,6R3XD_R42,6R3XD_R41
6R3XD_R42S,6R3XD_R43S,90,transit,6R3XD_R42,6R3XD_R43
6R3XD_R43N,6R3XD_R42N,90,transit,6R3XD_R43,6R3XD_R42
6R3XD_R43S,6R3XD_R44S,120,transit,6R3XD_R43,6R3XD_R44
6R3XD_R44N,6R3XD_R43N,120,transit,6R3XD_R44,6R3XD_R43
6R3XD_R44S,6R3XD_R45S,120,transit,6R3XD_R44,6R3XD_R45
6R3XD_R45N,6R3XD_R44N,120,transit,6R3XD_R45,6R3XD_R44
6R3XD_S01S,6R3XD_S03S,120,transit,6R3XD_S01,6R3XD_S03
6R3XD_S03N,6R3XD_S01N,120,transit,6R3XD_S03,6R3XD_S01
6R3XD_S03S,6R3XD_S04S,90,transit,6R3XD_S03,6R3XD_S04
6R3XD_S04N,6R3XD_S03N,120,transit,6R3XD_S04,6R3XD_S03
6R3XD_S04S,6R3XD_D26S,180,transit,6R3XD_S04,6R3XD_D26
6R3XD_S09N,6R3XD_S11N,180,transit,6R3XD_S09,6R3XD_S11
6R3XD_S11N,6R3XD_S13N,120,transit,6R3XD_S11,6R3XD_S13
6R3XD_S11S,6R3XD_S09S,180,transit,6R3XD_S11,6R3XD_S09
6R3XD_S13N,6R3XD_S14N,120,transit,6R3XD_S13,6R3XD_S14
6R3XD_S13S,6R3XD_S11S,120,transit,6R3XD_S13,6R3XD_S11
6R3XD_S14N,6R3XD_S15N,120,transit,6R3XD_S14,6R3XD_S15
6R3XD_S14S,6R3XD_S13S,120,transit,6R3XD_S14,6R3XD_S13
6R3XD_S15N,6R3XD_S16N,120,transit,6R3XD_S15,6R3XD_S16
6R3XD_S15S,6R3XD_S14S,120,transit,6R3XD_S15,6R3XD_S14
6R3XD_S16N,6R3XD_S17N,120,transit,6R3XD_S16,6R3XD_S17
6R3XD_S16S,6R3XD_S15S,120,transit,6R3XD_S16,6R3XD_S15
6R3XD_S17N,6R3XD_S18N,120,transit,6R3XD_S17,6R3XD_S18
6R3XD_S17S,6R3XD_S16S,120,transit,6R3XD_S17,6R3XD_S16
6R3XD_S18N,6R3XD_S19N,120,transit,6R3XD_S18,6R3XD_S19
6R3XD_S18S,6R3XD_S17S,120,transit,6R3XD_S18,6R3XD_S17
6R3XD_S19N,6R3XD_S20N,120,transit,6R3XD_S19,6R3XD_S20
6R3XD_S19S,6R3XD_S18S,120,transit,6R3XD_S19,6R3XD_S18
6R3XD_S20N,6R3XD_S21N,120,transit,6R3XD_S20,6R3XD_S21
6R3XD_S20S,6R3XD_S19S,120,transit,6R3XD_S20,6R3XD_S19
6R3XD_S21N,6R3XD_S22N,120,transit,6R3XD_S21,6R3XD_S22
6R3XD_S21S,6R3XD_S20S,120,transit,6R3XD_S21,6R3XD_S20
6R3XD_S22N,6R3XD_S23N,120,transit,6R3XD_S22,6R3XD_S23
6R3XD_S22N,6R3XD_S31N,780,transit,6R3XD_S22,6R3XD_S31
6R3XD_S22S,6R3XD_S21S,120,transit,6R3XD_S22,6R3XD_S21
6R3XD_S23N,6R3XD_S24N,60,transit,6R3XD_S23,6R3XD_S24
6R3XD_S23S,6R3XD_S22S,120,transit,6R3XD_S23,6R3XD_S22
6R3XD_S24N,6R3XD_S25N,120,transit,6R3XD_S24,6R3XD_S25
6R3XD_S24S,6R3XD_S23S,60,transit,6R3XD_S24,6R3XD_S23
6R3XD_S25N,6R3XD_S26N,120,transit,6R3XD_S25,6R3XD_S26
6R3XD_S25S,6R3XD_S24S,120,transit,6R3XD_S25,6R3XD_S24
6R3XD_S26N,6R3XD_S27N,120,transit,6R3XD_S26,6R3XD_S27
6R3XD_S26S,6R3XD_S25S,120,transit,6R3XD_S26,6R3XD_S25
6R3XD_S27N,6R3XD_S28N,180,transit,6R3XD_S27,6R3XD_S28
6R3XD_S27S,6R3XD_S26S,120,transit,6R3XD_S27,6R3XD_S26
6R3XD_S28N,6R3XD_S29N,120,transit,6R3XD_S28,6R3XD_S29
6R3XD_S28S,6R3XD_S27S,180,transit,6R3XD_S28,6R3XD_S27
6R3XD_S29N,6R3XD_S30N,120,transit,6R3XD_S29,6R3XD_S30
6R3XD_S29S,6R3XD_S28S,120,transit,6R3XD_S29,6R3XD_S28
6R3XD_S30N,6R3XD_S31N,180,transit,6R3XD_S30,6R3XD_S31
6R3XD_S30S,6R3XD_S29S,120,transit,6R3XD_S30,6R3XD_S29
6R3XD_S31S,6R3XD_S19S,960,transit,6R3XD_S31,6R3XD_S19
6R3XD_S31S,6R3XD_S30S,180,transit,6R3XD_S31,6R3XD_S30
